location,date,vaccine,total_vaccinations
Chile,2020-12-24,Pfizer/BioNTech,420
Chile,2020-12-25,Pfizer/BioNTech,5198
Chile,2020-12-26,Pfizer/BioNTech,8338
Chile,2020-12-27,Pfizer/BioNTech,8649
Chile,2020-12-28,Pfizer/BioNTech,8649
Chile,2020-12-29,Pfizer/BioNTech,8649
Chile,2020-12-30,Pfizer/BioNTech,8649
Chile,2020-12-31,Pfizer/BioNTech,8649
Chile,2021-01-01,Pfizer/BioNTech,8649
Chile,2021-01-02,Pfizer/BioNTech,8649
Chile,2021-01-03,Pfizer/BioNTech,8649
Chile,2021-01-04,Pfizer/BioNTech,9054
Chile,2021-01-05,Pfizer/BioNTech,10497
Chile,2021-01-06,Pfizer/BioNTech,10702
Chile,2021-01-07,Pfizer/BioNTech,10702
Chile,2021-01-08,Pfizer/BioNTech,10702
Chile,2021-01-09,Pfizer/BioNTech,10702
Chile,2021-01-10,Pfizer/BioNTech,10702
Chile,2021-01-11,Pfizer/BioNTech,10702
Chile,2021-01-12,Pfizer/BioNTech,10702
Chile,2021-01-13,Pfizer/BioNTech,11732
Chile,2021-01-14,Pfizer/BioNTech,18646
Chile,2021-01-15,Pfizer/BioNTech,22077
Chile,2021-01-16,Pfizer/BioNTech,22167
Chile,2021-01-17,Pfizer/BioNTech,22167
Chile,2021-01-18,Pfizer/BioNTech,33212
Chile,2021-01-19,Pfizer/BioNTech,52569
Chile,2021-01-20,Pfizer/BioNTech,61878
Chile,2021-01-21,Pfizer/BioNTech,64940
Chile,2021-01-22,Pfizer/BioNTech,65352
Chile,2021-01-23,Pfizer/BioNTech,65352
Chile,2021-01-24,Pfizer/BioNTech,65352
Chile,2021-01-25,Pfizer/BioNTech,66772
Chile,2021-01-26,Pfizer/BioNTech,67388
Chile,2021-01-27,Pfizer/BioNTech,67423
Chile,2021-01-28,Pfizer/BioNTech,67423
Chile,2021-01-29,Pfizer/BioNTech,67428
Chile,2021-01-30,Pfizer/BioNTech,67429
Chile,2021-01-31,Pfizer/BioNTech,67429
Chile,2021-02-01,Pfizer/BioNTech,67429
Chile,2021-02-02,Pfizer/BioNTech,67435
Chile,2021-02-02,Sinovac,13190
Chile,2021-02-03,Pfizer/BioNTech,67435
Chile,2021-02-03,Sinovac,183549
Chile,2021-02-04,Pfizer/BioNTech,69563
Chile,2021-02-04,Sinovac,357555
Chile,2021-02-05,Pfizer/BioNTech,70251
Chile,2021-02-05,Sinovac,526216
Chile,2021-02-06,Pfizer/BioNTech,70256
Chile,2021-02-06,Sinovac,554067
Chile,2021-02-07,Pfizer/BioNTech,70257
Chile,2021-02-07,Sinovac,562704
Chile,2021-02-08,Pfizer/BioNTech,82047
Chile,2021-02-08,Sinovac,784113
Chile,2021-02-09,Pfizer/BioNTech,101501
Chile,2021-02-09,Sinovac,1026488
Chile,2021-02-10,Pfizer/BioNTech,109935
Chile,2021-02-10,Sinovac,1298868
Chile,2021-02-11,Pfizer/BioNTech,113004
Chile,2021-02-11,Sinovac,1549873
Chile,2021-02-12,Pfizer/BioNTech,113358
Chile,2021-02-12,Sinovac,1778951
Chile,2021-02-13,Pfizer/BioNTech,113392
Chile,2021-02-13,Sinovac,1808456
Chile,2021-02-14,Pfizer/BioNTech,113392
Chile,2021-02-14,Sinovac,1812921
Chile,2021-02-15,Pfizer/BioNTech,113393
Chile,2021-02-15,Sinovac,2078757
Chile,2021-02-16,Pfizer/BioNTech,113403
Chile,2021-02-16,Sinovac,2298735
Chile,2021-02-17,Pfizer/BioNTech,113403
Chile,2021-02-17,Sinovac,2486759
Chile,2021-02-18,Pfizer/BioNTech,113404
Chile,2021-02-18,Sinovac,2641999
Chile,2021-02-19,Pfizer/BioNTech,113404
Chile,2021-02-19,Sinovac,2784108
Chile,2021-02-20,Pfizer/BioNTech,113404
Chile,2021-02-20,Sinovac,2793747
Chile,2021-02-21,Pfizer/BioNTech,113404
Chile,2021-02-21,Sinovac,2794911
Chile,2021-02-22,Pfizer/BioNTech,125502
Chile,2021-02-22,Sinovac,2890944
Chile,2021-02-23,Pfizer/BioNTech,150350
Chile,2021-02-23,Sinovac,2960351
Chile,2021-02-24,Pfizer/BioNTech,178873
Chile,2021-02-24,Sinovac,3018025
Chile,2021-02-25,Pfizer/BioNTech,212588
Chile,2021-02-25,Sinovac,3070380
Chile,2021-02-26,Pfizer/BioNTech,242321
Chile,2021-02-26,Sinovac,3118873
Chile,2021-02-27,Pfizer/BioNTech,248645
Chile,2021-02-27,Sinovac,3122592
Chile,2021-02-28,Pfizer/BioNTech,248647
Chile,2021-02-28,Sinovac,3122945
Chile,2021-03-01,Pfizer/BioNTech,263551
Chile,2021-03-01,Sinovac,3245576
Chile,2021-03-02,Pfizer/BioNTech,294473
Chile,2021-03-02,Sinovac,3386006
Chile,2021-03-03,Pfizer/BioNTech,313030
Chile,2021-03-03,Sinovac,3679217
Chile,2021-03-04,Pfizer/BioNTech,322136
Chile,2021-03-04,Sinovac,3980511
Chile,2021-03-05,Pfizer/BioNTech,327890
Chile,2021-03-05,Sinovac,4272426
Chile,2021-03-06,Pfizer/BioNTech,328234
Chile,2021-03-06,Sinovac,4305840
Chile,2021-03-07,Pfizer/BioNTech,328340
Chile,2021-03-07,Sinovac,4313651
Chile,2021-03-08,Pfizer/BioNTech,340928
Chile,2021-03-08,Sinovac,4651469
Chile,2021-03-09,Pfizer/BioNTech,378520
Chile,2021-03-09,Sinovac,4990203
Chile,2021-03-10,Pfizer/BioNTech,420130
Chile,2021-03-10,Sinovac,5349712
Chile,2021-03-11,Pfizer/BioNTech,465885
Chile,2021-03-11,Sinovac,5720656
Chile,2021-03-12,Pfizer/BioNTech,483286
Chile,2021-03-12,Sinovac,6077377
Chile,2021-03-13,Pfizer/BioNTech,483840
Chile,2021-03-13,Sinovac,6127224
Chile,2021-03-14,Pfizer/BioNTech,483840
Chile,2021-03-14,Sinovac,6133800
Chile,2021-03-15,Pfizer/BioNTech,507719
Chile,2021-03-15,Sinovac,6539859
Chile,2021-03-16,Pfizer/BioNTech,561225
Chile,2021-03-16,Sinovac,6896141
Chile,2021-03-17,Pfizer/BioNTech,616729
Chile,2021-03-17,Sinovac,7207511
Chile,2021-03-18,Pfizer/BioNTech,666272
Chile,2021-03-18,Sinovac,7492492
Chile,2021-03-19,Pfizer/BioNTech,689429
Chile,2021-03-19,Sinovac,7763692
Chile,2021-03-20,Pfizer/BioNTech,691346
Chile,2021-03-20,Sinovac,7795950
Chile,2021-03-21,Pfizer/BioNTech,691356
Chile,2021-03-21,Sinovac,7800091
Chile,2021-03-22,Pfizer/BioNTech,727420
Chile,2021-03-22,Sinovac,8032250
Chile,2021-03-23,Pfizer/BioNTech,787280
Chile,2021-03-23,Sinovac,8212852
Chile,2021-03-24,Pfizer/BioNTech,840142
Chile,2021-03-24,Sinovac,8378424
Chile,2021-03-25,Pfizer/BioNTech,894721
Chile,2021-03-25,Sinovac,8536199
Chile,2021-03-26,Pfizer/BioNTech,932702
Chile,2021-03-26,Sinovac,8714842
Chile,2021-03-27,Pfizer/BioNTech,934730
Chile,2021-03-27,Sinovac,8728445
Chile,2021-03-28,Pfizer/BioNTech,934730
Chile,2021-03-28,Sinovac,8729833
Chile,2021-03-29,Pfizer/BioNTech,956742
Chile,2021-03-29,Sinovac,8974217
Chile,2021-03-30,Pfizer/BioNTech,1014186
Chile,2021-03-30,Sinovac,9194979
Chile,2021-03-31,Pfizer/BioNTech,1060315
Chile,2021-03-31,Sinovac,9428422
Chile,2021-04-01,Pfizer/BioNTech,1084077
Chile,2021-04-01,Sinovac,9707031
Chile,2021-04-02,Pfizer/BioNTech,1084296
Chile,2021-04-02,Sinovac,9713805
Chile,2021-04-03,Pfizer/BioNTech,1084486
Chile,2021-04-03,Sinovac,9716821
Chile,2021-04-04,Pfizer/BioNTech,1084486
Chile,2021-04-04,Sinovac,9717992
Chile,2021-04-05,Pfizer/BioNTech,1115427
Chile,2021-04-05,Sinovac,9971006
Chile,2021-04-06,Pfizer/BioNTech,1198153
Chile,2021-04-06,Sinovac,10127650
Chile,2021-04-07,Pfizer/BioNTech,1287216
Chile,2021-04-07,Sinovac,10271132
Chile,2021-04-08,Pfizer/BioNTech,1365217
Chile,2021-04-08,Sinovac,10431426
Chile,2021-04-09,Pfizer/BioNTech,1414075
Chile,2021-04-09,Sinovac,10600044
Chile,2021-04-10,Pfizer/BioNTech,1421778
Chile,2021-04-10,Sinovac,10618195
Chile,2021-04-11,Pfizer/BioNTech,1422282
Chile,2021-04-11,Sinovac,10620137
Chile,2021-04-12,Pfizer/BioNTech,1486864
Chile,2021-04-12,Sinovac,10791246
Chile,2021-04-13,Pfizer/BioNTech,1574050
Chile,2021-04-13,Sinovac,10936341
Chile,2021-04-14,Pfizer/BioNTech,1658849
Chile,2021-04-14,Sinovac,11068110
Czechia,2020-12-27,Pfizer/BioNTech,1250
Czechia,2020-12-28,Pfizer/BioNTech,3543
Czechia,2020-12-29,Pfizer/BioNTech,6986
Czechia,2020-12-30,Pfizer/BioNTech,10454
Czechia,2020-12-31,Pfizer/BioNTech,11759
Czechia,2021-01-01,Pfizer/BioNTech,12019
Czechia,2021-01-02,Pfizer/BioNTech,13268
Czechia,2021-01-03,Pfizer/BioNTech,14181
Czechia,2021-01-04,Pfizer/BioNTech,17747
Czechia,2021-01-05,Pfizer/BioNTech,22239
Czechia,2021-01-06,Pfizer/BioNTech,28052
Czechia,2021-01-07,Pfizer/BioNTech,36003
Czechia,2021-01-08,Pfizer/BioNTech,45927
Czechia,2021-01-09,Pfizer/BioNTech,47935
Czechia,2021-01-10,Pfizer/BioNTech,49656
Czechia,2021-01-11,Pfizer/BioNTech,59433
Czechia,2021-01-12,Pfizer/BioNTech,72782
Czechia,2021-01-13,Pfizer/BioNTech,86247
Czechia,2021-01-14,Moderna,1224
Czechia,2021-01-14,Pfizer/BioNTech,100184
Czechia,2021-01-15,Moderna,1981
Czechia,2021-01-15,Pfizer/BioNTech,113343
Czechia,2021-01-16,Moderna,2307
Czechia,2021-01-16,Pfizer/BioNTech,116390
Czechia,2021-01-17,Moderna,2396
Czechia,2021-01-17,Pfizer/BioNTech,119525
Czechia,2021-01-18,Moderna,2573
Czechia,2021-01-18,Pfizer/BioNTech,133525
Czechia,2021-01-19,Moderna,3347
Czechia,2021-01-19,Pfizer/BioNTech,147882
Czechia,2021-01-20,Moderna,4924
Czechia,2021-01-20,Pfizer/BioNTech,162458
Czechia,2021-01-21,Moderna,5880
Czechia,2021-01-21,Pfizer/BioNTech,178753
Czechia,2021-01-22,Moderna,6075
Czechia,2021-01-22,Pfizer/BioNTech,194316
Czechia,2021-01-23,Moderna,6115
Czechia,2021-01-23,Pfizer/BioNTech,198405
Czechia,2021-01-24,Moderna,6239
Czechia,2021-01-24,Pfizer/BioNTech,201381
Czechia,2021-01-25,Moderna,6436
Czechia,2021-01-25,Pfizer/BioNTech,213721
Czechia,2021-01-26,Moderna,6709
Czechia,2021-01-26,Pfizer/BioNTech,227880
Czechia,2021-01-27,Moderna,7009
Czechia,2021-01-27,Pfizer/BioNTech,241034
Czechia,2021-01-28,Moderna,7128
Czechia,2021-01-28,Pfizer/BioNTech,254020
Czechia,2021-01-29,Moderna,7279
Czechia,2021-01-29,Pfizer/BioNTech,267826
Czechia,2021-01-30,Moderna,7281
Czechia,2021-01-30,Pfizer/BioNTech,269620
Czechia,2021-01-31,Pfizer/BioNTech,271459
Czechia,2021-02-01,Moderna,7534
Czechia,2021-02-01,Pfizer/BioNTech,283001
Czechia,2021-02-02,Moderna,7861
Czechia,2021-02-02,Pfizer/BioNTech,296939
Czechia,2021-02-03,Moderna,8587
Czechia,2021-02-03,Pfizer/BioNTech,311532
Czechia,2021-02-04,Moderna,9722
Czechia,2021-02-04,Pfizer/BioNTech,328158
Czechia,2021-02-05,Moderna,10907
Czechia,2021-02-05,Pfizer/BioNTech,342991
Czechia,2021-02-06,Moderna,11163
Czechia,2021-02-06,Pfizer/BioNTech,345896
Czechia,2021-02-07,Moderna,11426
Czechia,2021-02-07,Pfizer/BioNTech,348944
Czechia,2021-02-08,Moderna,12331
Czechia,2021-02-08,Pfizer/BioNTech,363363
Czechia,2021-02-09,Moderna,13961
Czechia,2021-02-09,Pfizer/BioNTech,378597
Czechia,2021-02-10,Moderna,15701
Czechia,2021-02-10,Pfizer/BioNTech,395448
Czechia,2021-02-11,Moderna,19065
Czechia,2021-02-11,Oxford/AstraZeneca,230
Czechia,2021-02-11,Pfizer/BioNTech,414172
Czechia,2021-02-12,Moderna,21313
Czechia,2021-02-12,Oxford/AstraZeneca,624
Czechia,2021-02-12,Pfizer/BioNTech,432816
Czechia,2021-02-13,Moderna,21795
Czechia,2021-02-13,Oxford/AstraZeneca,1045
Czechia,2021-02-13,Pfizer/BioNTech,436433
Czechia,2021-02-14,Moderna,22043
Czechia,2021-02-14,Oxford/AstraZeneca,1247
Czechia,2021-02-14,Pfizer/BioNTech,438336
Czechia,2021-02-15,Moderna,23433
Czechia,2021-02-15,Oxford/AstraZeneca,2006
Czechia,2021-02-15,Pfizer/BioNTech,451844
Czechia,2021-02-16,Moderna,25898
Czechia,2021-02-16,Oxford/AstraZeneca,3140
Czechia,2021-02-16,Pfizer/BioNTech,465783
Czechia,2021-02-17,Moderna,28563
Czechia,2021-02-17,Oxford/AstraZeneca,5155
Czechia,2021-02-17,Pfizer/BioNTech,478904
Czechia,2021-02-18,Moderna,30909
Czechia,2021-02-18,Oxford/AstraZeneca,7111
Czechia,2021-02-18,Pfizer/BioNTech,494794
Czechia,2021-02-19,Moderna,32288
Czechia,2021-02-19,Oxford/AstraZeneca,8795
Czechia,2021-02-19,Pfizer/BioNTech,510653
Czechia,2021-02-20,Moderna,32291
Czechia,2021-02-20,Oxford/AstraZeneca,9421
Czechia,2021-02-20,Pfizer/BioNTech,513098
Czechia,2021-02-21,Moderna,32388
Czechia,2021-02-21,Oxford/AstraZeneca,9610
Czechia,2021-02-21,Pfizer/BioNTech,514832
Czechia,2021-02-22,Moderna,33385
Czechia,2021-02-22,Oxford/AstraZeneca,11211
Czechia,2021-02-22,Pfizer/BioNTech,528257
Czechia,2021-02-23,Moderna,34166
Czechia,2021-02-23,Oxford/AstraZeneca,13893
Czechia,2021-02-23,Pfizer/BioNTech,544469
Czechia,2021-02-24,Moderna,35490
Czechia,2021-02-24,Oxford/AstraZeneca,16804
Czechia,2021-02-24,Pfizer/BioNTech,559964
Czechia,2021-02-25,Moderna,36666
Czechia,2021-02-25,Oxford/AstraZeneca,21087
Czechia,2021-02-25,Pfizer/BioNTech,577847
Czechia,2021-02-26,Moderna,37447
Czechia,2021-02-26,Oxford/AstraZeneca,24360
Czechia,2021-02-26,Pfizer/BioNTech,595032
Czechia,2021-02-27,Moderna,37618
Czechia,2021-02-27,Oxford/AstraZeneca,24972
Czechia,2021-02-27,Pfizer/BioNTech,597723
Czechia,2021-02-28,Moderna,37810
Czechia,2021-02-28,Oxford/AstraZeneca,25434
Czechia,2021-02-28,Pfizer/BioNTech,599935
Czechia,2021-03-01,Moderna,39453
Czechia,2021-03-01,Oxford/AstraZeneca,29349
Czechia,2021-03-01,Pfizer/BioNTech,617062
Czechia,2021-03-02,Moderna,41308
Czechia,2021-03-02,Oxford/AstraZeneca,38379
Czechia,2021-03-02,Pfizer/BioNTech,636391
Czechia,2021-03-03,Moderna,45005
Czechia,2021-03-03,Oxford/AstraZeneca,47822
Czechia,2021-03-03,Pfizer/BioNTech,658020
Czechia,2021-03-04,Moderna,49651
Czechia,2021-03-04,Oxford/AstraZeneca,56789
Czechia,2021-03-04,Pfizer/BioNTech,681625
Czechia,2021-03-05,Moderna,53223
Czechia,2021-03-05,Oxford/AstraZeneca,64941
Czechia,2021-03-05,Pfizer/BioNTech,703641
Czechia,2021-03-06,Moderna,54607
Czechia,2021-03-06,Oxford/AstraZeneca,69308
Czechia,2021-03-06,Pfizer/BioNTech,710652
Czechia,2021-03-07,Moderna,55880
Czechia,2021-03-07,Oxford/AstraZeneca,73431
Czechia,2021-03-07,Pfizer/BioNTech,717391
Czechia,2021-03-08,Moderna,58948
Czechia,2021-03-08,Oxford/AstraZeneca,81181
Czechia,2021-03-08,Pfizer/BioNTech,740782
Czechia,2021-03-09,Moderna,64205
Czechia,2021-03-09,Oxford/AstraZeneca,92079
Czechia,2021-03-09,Pfizer/BioNTech,766742
Czechia,2021-03-10,Moderna,69157
Czechia,2021-03-10,Oxford/AstraZeneca,102691
Czechia,2021-03-10,Pfizer/BioNTech,798860
Czechia,2021-03-11,Moderna,73414
Czechia,2021-03-11,Oxford/AstraZeneca,114193
Czechia,2021-03-11,Pfizer/BioNTech,835698
Czechia,2021-03-12,Moderna,78785
Czechia,2021-03-12,Oxford/AstraZeneca,126209
Czechia,2021-03-12,Pfizer/BioNTech,864918
Czechia,2021-03-13,Moderna,80045
Czechia,2021-03-13,Oxford/AstraZeneca,129164
Czechia,2021-03-13,Pfizer/BioNTech,878890
Czechia,2021-03-14,Moderna,81171
Czechia,2021-03-14,Oxford/AstraZeneca,130066
Czechia,2021-03-14,Pfizer/BioNTech,889992
Czechia,2021-03-15,Moderna,87926
Czechia,2021-03-15,Oxford/AstraZeneca,137971
Czechia,2021-03-15,Pfizer/BioNTech,911984
Czechia,2021-03-16,Moderna,97041
Czechia,2021-03-16,Oxford/AstraZeneca,146467
Czechia,2021-03-16,Pfizer/BioNTech,943177
Czechia,2021-03-17,Moderna,104731
Czechia,2021-03-17,Oxford/AstraZeneca,155278
Czechia,2021-03-17,Pfizer/BioNTech,974155
Czechia,2021-03-18,Moderna,111842
Czechia,2021-03-18,Oxford/AstraZeneca,164307
Czechia,2021-03-18,Pfizer/BioNTech,1007761
Czechia,2021-03-19,Moderna,117819
Czechia,2021-03-19,Oxford/AstraZeneca,172868
Czechia,2021-03-19,Pfizer/BioNTech,1040510
Czechia,2021-03-20,Moderna,118921
Czechia,2021-03-20,Oxford/AstraZeneca,175201
Czechia,2021-03-20,Pfizer/BioNTech,1053919
Czechia,2021-03-21,Moderna,119226
Czechia,2021-03-21,Oxford/AstraZeneca,175654
Czechia,2021-03-21,Pfizer/BioNTech,1061996
Czechia,2021-03-22,Moderna,123305
Czechia,2021-03-22,Oxford/AstraZeneca,182330
Czechia,2021-03-22,Pfizer/BioNTech,1087419
Czechia,2021-03-23,Moderna,127045
Czechia,2021-03-23,Oxford/AstraZeneca,189715
Czechia,2021-03-23,Pfizer/BioNTech,1115428
Czechia,2021-03-24,Moderna,131149
Czechia,2021-03-24,Oxford/AstraZeneca,197258
Czechia,2021-03-24,Pfizer/BioNTech,1145738
Czechia,2021-03-25,Moderna,135199
Czechia,2021-03-25,Oxford/AstraZeneca,204592
Czechia,2021-03-25,Pfizer/BioNTech,1178045
Czechia,2021-03-26,Moderna,137699
Czechia,2021-03-26,Oxford/AstraZeneca,210084
Czechia,2021-03-26,Pfizer/BioNTech,1211623
Czechia,2021-03-27,Moderna,138937
Czechia,2021-03-27,Oxford/AstraZeneca,210916
Czechia,2021-03-27,Pfizer/BioNTech,1222508
Czechia,2021-03-28,Moderna,140486
Czechia,2021-03-28,Oxford/AstraZeneca,211009
Czechia,2021-03-28,Pfizer/BioNTech,1230385
Czechia,2021-03-29,Moderna,146402
Czechia,2021-03-29,Oxford/AstraZeneca,214672
Czechia,2021-03-29,Pfizer/BioNTech,1260046
Czechia,2021-03-30,Moderna,155209
Czechia,2021-03-30,Oxford/AstraZeneca,219893
Czechia,2021-03-30,Pfizer/BioNTech,1292296
Czechia,2021-03-31,Moderna,166023
Czechia,2021-03-31,Oxford/AstraZeneca,224722
Czechia,2021-03-31,Pfizer/BioNTech,1325937
Czechia,2021-04-01,Moderna,176458
Czechia,2021-04-01,Oxford/AstraZeneca,229011
Czechia,2021-04-01,Pfizer/BioNTech,1367800
Czechia,2021-04-02,Moderna,178985
Czechia,2021-04-02,Oxford/AstraZeneca,229500
Czechia,2021-04-02,Pfizer/BioNTech,1384109
Czechia,2021-04-03,Moderna,180700
Czechia,2021-04-03,Oxford/AstraZeneca,229677
Czechia,2021-04-03,Pfizer/BioNTech,1396490
Czechia,2021-04-04,Moderna,181891
Czechia,2021-04-04,Oxford/AstraZeneca,229678
Czechia,2021-04-04,Pfizer/BioNTech,1406438
Czechia,2021-04-05,Moderna,183267
Czechia,2021-04-05,Oxford/AstraZeneca,229743
Czechia,2021-04-05,Pfizer/BioNTech,1414383
Czechia,2021-04-06,Moderna,191623
Czechia,2021-04-06,Oxford/AstraZeneca,232571
Czechia,2021-04-06,Pfizer/BioNTech,1447897
Czechia,2021-04-07,Moderna,199891
Czechia,2021-04-07,Oxford/AstraZeneca,240276
Czechia,2021-04-07,Pfizer/BioNTech,1476588
Czechia,2021-04-08,Moderna,205923
Czechia,2021-04-08,Oxford/AstraZeneca,251100
Czechia,2021-04-08,Pfizer/BioNTech,1527400
Czechia,2021-04-09,Moderna,213239
Czechia,2021-04-09,Oxford/AstraZeneca,261713
Czechia,2021-04-09,Pfizer/BioNTech,1576535
Czechia,2021-04-10,Moderna,214752
Czechia,2021-04-10,Oxford/AstraZeneca,264967
Czechia,2021-04-10,Pfizer/BioNTech,1601719
Czechia,2021-04-11,Moderna,215878
Czechia,2021-04-11,Oxford/AstraZeneca,265454
Czechia,2021-04-11,Pfizer/BioNTech,1619534
Czechia,2021-04-12,Moderna,224210
Czechia,2021-04-12,Oxford/AstraZeneca,273741
Czechia,2021-04-12,Pfizer/BioNTech,1664062
Czechia,2021-04-13,Moderna,234545
Czechia,2021-04-13,Oxford/AstraZeneca,282576
Czechia,2021-04-13,Pfizer/BioNTech,1704650
Czechia,2021-04-14,Moderna,244275
Czechia,2021-04-14,Oxford/AstraZeneca,291938
Czechia,2021-04-14,Pfizer/BioNTech,1749090
Czechia,2021-04-15,Moderna,252744
Czechia,2021-04-15,Oxford/AstraZeneca,299898
Czechia,2021-04-15,Pfizer/BioNTech,1800947
Germany,2020-12-27,Moderna,0
Germany,2020-12-27,Oxford/AstraZeneca,0
Germany,2020-12-27,Pfizer/BioNTech,24296
Germany,2020-12-28,Moderna,0
Germany,2020-12-28,Oxford/AstraZeneca,0
Germany,2020-12-28,Pfizer/BioNTech,42679
Germany,2020-12-29,Moderna,0
Germany,2020-12-29,Oxford/AstraZeneca,0
Germany,2020-12-29,Pfizer/BioNTech,91661
Germany,2020-12-30,Moderna,0
Germany,2020-12-30,Oxford/AstraZeneca,0
Germany,2020-12-30,Pfizer/BioNTech,153493
Germany,2020-12-31,Moderna,0
Germany,2020-12-31,Oxford/AstraZeneca,0
Germany,2020-12-31,Pfizer/BioNTech,203164
Germany,2021-01-01,Moderna,0
Germany,2021-01-01,Oxford/AstraZeneca,1
Germany,2021-01-01,Pfizer/BioNTech,222434
Germany,2021-01-02,Moderna,0
Germany,2021-01-02,Oxford/AstraZeneca,1
Germany,2021-01-02,Pfizer/BioNTech,275293
Germany,2021-01-03,Moderna,0
Germany,2021-01-03,Oxford/AstraZeneca,1
Germany,2021-01-03,Pfizer/BioNTech,299444
Germany,2021-01-04,Moderna,0
Germany,2021-01-04,Oxford/AstraZeneca,1
Germany,2021-01-04,Pfizer/BioNTech,347794
Germany,2021-01-05,Moderna,1
Germany,2021-01-05,Oxford/AstraZeneca,1
Germany,2021-01-05,Pfizer/BioNTech,401252
Germany,2021-01-06,Moderna,7
Germany,2021-01-06,Oxford/AstraZeneca,3
Germany,2021-01-06,Pfizer/BioNTech,464242
Germany,2021-01-07,Moderna,11
Germany,2021-01-07,Oxford/AstraZeneca,3
Germany,2021-01-07,Pfizer/BioNTech,520443
Germany,2021-01-08,Moderna,59
Germany,2021-01-08,Oxford/AstraZeneca,3
Germany,2021-01-08,Pfizer/BioNTech,583963
Germany,2021-01-09,Moderna,59
Germany,2021-01-09,Oxford/AstraZeneca,3
Germany,2021-01-09,Pfizer/BioNTech,645188
Germany,2021-01-10,Moderna,59
Germany,2021-01-10,Oxford/AstraZeneca,3
Germany,2021-01-10,Pfizer/BioNTech,680326
Germany,2021-01-11,Moderna,60
Germany,2021-01-11,Oxford/AstraZeneca,3
Germany,2021-01-11,Pfizer/BioNTech,746868
Germany,2021-01-12,Moderna,60
Germany,2021-01-12,Oxford/AstraZeneca,5
Germany,2021-01-12,Pfizer/BioNTech,829795
Germany,2021-01-13,Moderna,857
Germany,2021-01-13,Oxford/AstraZeneca,5
Germany,2021-01-13,Pfizer/BioNTech,940374
Germany,2021-01-14,Moderna,5441
Germany,2021-01-14,Oxford/AstraZeneca,5
Germany,2021-01-14,Pfizer/BioNTech,1018982
Germany,2021-01-15,Moderna,10878
Germany,2021-01-15,Oxford/AstraZeneca,24
Germany,2021-01-15,Pfizer/BioNTech,1104273
Germany,2021-01-16,Moderna,12650
Germany,2021-01-16,Oxford/AstraZeneca,24
Germany,2021-01-16,Pfizer/BioNTech,1159895
Germany,2021-01-17,Moderna,13955
Germany,2021-01-17,Oxford/AstraZeneca,25
Germany,2021-01-17,Pfizer/BioNTech,1206205
Germany,2021-01-18,Moderna,17523
Germany,2021-01-18,Oxford/AstraZeneca,26
Germany,2021-01-18,Pfizer/BioNTech,1284452
Germany,2021-01-19,Moderna,20505
Germany,2021-01-19,Oxford/AstraZeneca,76
Germany,2021-01-19,Pfizer/BioNTech,1395105
Germany,2021-01-20,Moderna,23215
Germany,2021-01-20,Oxford/AstraZeneca,80
Germany,2021-01-20,Pfizer/BioNTech,1524307
Germany,2021-01-21,Moderna,25804
Germany,2021-01-21,Oxford/AstraZeneca,80
Germany,2021-01-21,Pfizer/BioNTech,1626044
Germany,2021-01-22,Moderna,27847
Germany,2021-01-22,Oxford/AstraZeneca,92
Germany,2021-01-22,Pfizer/BioNTech,1725928
Germany,2021-01-23,Moderna,28230
Germany,2021-01-23,Oxford/AstraZeneca,93
Germany,2021-01-23,Pfizer/BioNTech,1811175
Germany,2021-01-24,Moderna,28474
Germany,2021-01-24,Oxford/AstraZeneca,97
Germany,2021-01-24,Pfizer/BioNTech,1860427
Germany,2021-01-25,Moderna,30196
Germany,2021-01-25,Oxford/AstraZeneca,99
Germany,2021-01-25,Pfizer/BioNTech,1954684
Germany,2021-01-26,Moderna,31850
Germany,2021-01-26,Oxford/AstraZeneca,105
Germany,2021-01-26,Pfizer/BioNTech,2052469
Germany,2021-01-27,Moderna,33776
Germany,2021-01-27,Oxford/AstraZeneca,113
Germany,2021-01-27,Pfizer/BioNTech,2161549
Germany,2021-01-28,Moderna,35411
Germany,2021-01-28,Oxford/AstraZeneca,114
Germany,2021-01-28,Pfizer/BioNTech,2251132
Germany,2021-01-29,Moderna,36816
Germany,2021-01-29,Oxford/AstraZeneca,182
Germany,2021-01-29,Pfizer/BioNTech,2358203
Germany,2021-01-30,Moderna,37690
Germany,2021-01-30,Oxford/AstraZeneca,183
Germany,2021-01-30,Pfizer/BioNTech,2444335
Germany,2021-01-31,Moderna,38055
Germany,2021-01-31,Oxford/AstraZeneca,183
Germany,2021-01-31,Pfizer/BioNTech,2501768
Germany,2021-02-01,Moderna,40266
Germany,2021-02-01,Oxford/AstraZeneca,240
Germany,2021-02-01,Pfizer/BioNTech,2621023
Germany,2021-02-02,Moderna,43136
Germany,2021-02-02,Oxford/AstraZeneca,254
Germany,2021-02-02,Pfizer/BioNTech,2748710
Germany,2021-02-03,Moderna,49085
Germany,2021-02-03,Oxford/AstraZeneca,274
Germany,2021-02-03,Pfizer/BioNTech,2900932
Germany,2021-02-04,Moderna,54538
Germany,2021-02-04,Oxford/AstraZeneca,280
Germany,2021-02-04,Pfizer/BioNTech,3026689
Germany,2021-02-05,Moderna,60418
Germany,2021-02-05,Oxford/AstraZeneca,287
Germany,2021-02-05,Pfizer/BioNTech,3164407
Germany,2021-02-06,Moderna,62884
Germany,2021-02-06,Oxford/AstraZeneca,288
Germany,2021-02-06,Pfizer/BioNTech,3261216
Germany,2021-02-07,Moderna,65233
Germany,2021-02-07,Oxford/AstraZeneca,290
Germany,2021-02-07,Pfizer/BioNTech,3312673
Germany,2021-02-08,Moderna,69092
Germany,2021-02-08,Oxford/AstraZeneca,308
Germany,2021-02-08,Pfizer/BioNTech,3418809
Germany,2021-02-09,Moderna,72974
Germany,2021-02-09,Oxford/AstraZeneca,416
Germany,2021-02-09,Pfizer/BioNTech,3547367
Germany,2021-02-10,Moderna,76565
Germany,2021-02-10,Oxford/AstraZeneca,7440
Germany,2021-02-10,Pfizer/BioNTech,3686165
Germany,2021-02-11,Moderna,83514
Germany,2021-02-11,Oxford/AstraZeneca,22874
Germany,2021-02-11,Pfizer/BioNTech,3805855
Germany,2021-02-12,Moderna,93007
Germany,2021-02-12,Oxford/AstraZeneca,37112
Germany,2021-02-12,Pfizer/BioNTech,3938473
Germany,2021-02-13,Moderna,96042
Germany,2021-02-13,Oxford/AstraZeneca,49821
Germany,2021-02-13,Pfizer/BioNTech,4030683
Germany,2021-02-14,Moderna,98443
Germany,2021-02-14,Oxford/AstraZeneca,57132
Germany,2021-02-14,Pfizer/BioNTech,4085815
Germany,2021-02-15,Moderna,102840
Germany,2021-02-15,Oxford/AstraZeneca,71874
Germany,2021-02-15,Pfizer/BioNTech,4193203
Germany,2021-02-16,Moderna,108075
Germany,2021-02-16,Oxford/AstraZeneca,95344
Germany,2021-02-16,Pfizer/BioNTech,4298962
Germany,2021-02-17,Moderna,115596
Germany,2021-02-17,Oxford/AstraZeneca,115050
Germany,2021-02-17,Pfizer/BioNTech,4421583
Germany,2021-02-18,Moderna,123357
Germany,2021-02-18,Oxford/AstraZeneca,139448
Germany,2021-02-18,Pfizer/BioNTech,4533054
Germany,2021-02-19,Moderna,132777
Germany,2021-02-19,Oxford/AstraZeneca,164610
Germany,2021-02-19,Pfizer/BioNTech,4651100
Germany,2021-02-20,Moderna,137248
Germany,2021-02-20,Oxford/AstraZeneca,186231
Germany,2021-02-20,Pfizer/BioNTech,4739196
Germany,2021-02-21,Moderna,140476
Germany,2021-02-21,Oxford/AstraZeneca,201532
Germany,2021-02-21,Pfizer/BioNTech,4806487
Germany,2021-02-22,Moderna,149283
Germany,2021-02-22,Oxford/AstraZeneca,226498
Germany,2021-02-22,Pfizer/BioNTech,4933610
Germany,2021-02-23,Moderna,156106
Germany,2021-02-23,Oxford/AstraZeneca,253871
Germany,2021-02-23,Pfizer/BioNTech,5066065
Germany,2021-02-24,Moderna,163630
Germany,2021-02-24,Oxford/AstraZeneca,289101
Germany,2021-02-24,Pfizer/BioNTech,5197812
Germany,2021-02-25,Moderna,170149
Germany,2021-02-25,Oxford/AstraZeneca,340188
Germany,2021-02-25,Pfizer/BioNTech,5328950
Germany,2021-02-26,Moderna,178852
Germany,2021-02-26,Oxford/AstraZeneca,400415
Germany,2021-02-26,Pfizer/BioNTech,5468198
Germany,2021-02-27,Moderna,183043
Germany,2021-02-27,Oxford/AstraZeneca,451882
Germany,2021-02-27,Pfizer/BioNTech,5560976
Germany,2021-02-28,Moderna,186999
Germany,2021-02-28,Oxford/AstraZeneca,493686
Germany,2021-02-28,Pfizer/BioNTech,5623340
Germany,2021-03-01,Moderna,196005
Germany,2021-03-01,Oxford/AstraZeneca,550751
Germany,2021-03-01,Pfizer/BioNTech,5751939
Germany,2021-03-02,Moderna,205675
Germany,2021-03-02,Oxford/AstraZeneca,619378
Germany,2021-03-02,Pfizer/BioNTech,5892456
Germany,2021-03-03,Moderna,219012
Germany,2021-03-03,Oxford/AstraZeneca,691974
Germany,2021-03-03,Pfizer/BioNTech,6048921
Germany,2021-03-04,Moderna,232541
Germany,2021-03-04,Oxford/AstraZeneca,778041
Germany,2021-03-04,Pfizer/BioNTech,6191579
Germany,2021-03-05,Moderna,245336
Germany,2021-03-05,Oxford/AstraZeneca,885450
Germany,2021-03-05,Pfizer/BioNTech,6338523
Germany,2021-03-06,Moderna,253915
Germany,2021-03-06,Oxford/AstraZeneca,968400
Germany,2021-03-06,Pfizer/BioNTech,6449102
Germany,2021-03-07,Moderna,260636
Germany,2021-03-07,Oxford/AstraZeneca,1029499
Germany,2021-03-07,Pfizer/BioNTech,6531816
Germany,2021-03-08,Moderna,271627
Germany,2021-03-08,Oxford/AstraZeneca,1121155
Germany,2021-03-08,Pfizer/BioNTech,6667528
Germany,2021-03-09,Moderna,284288
Germany,2021-03-09,Oxford/AstraZeneca,1218438
Germany,2021-03-09,Pfizer/BioNTech,6807777
Germany,2021-03-10,Moderna,295819
Germany,2021-03-10,Oxford/AstraZeneca,1332580
Germany,2021-03-10,Pfizer/BioNTech,6965033
Germany,2021-03-11,Moderna,308953
Germany,2021-03-11,Oxford/AstraZeneca,1451202
Germany,2021-03-11,Pfizer/BioNTech,7114119
Germany,2021-03-12,Moderna,326241
Germany,2021-03-12,Oxford/AstraZeneca,1602894
Germany,2021-03-12,Pfizer/BioNTech,7266409
Germany,2021-03-13,Moderna,335864
Germany,2021-03-13,Oxford/AstraZeneca,1724466
Germany,2021-03-13,Pfizer/BioNTech,7380911
Germany,2021-03-14,Moderna,341007
Germany,2021-03-14,Oxford/AstraZeneca,1800762
Germany,2021-03-14,Pfizer/BioNTech,7470407
Germany,2021-03-15,Moderna,353329
Germany,2021-03-15,Oxford/AstraZeneca,1884236
Germany,2021-03-15,Pfizer/BioNTech,7622331
Germany,2021-03-16,Moderna,364298
Germany,2021-03-16,Oxford/AstraZeneca,1886154
Germany,2021-03-16,Pfizer/BioNTech,7789831
Germany,2021-03-17,Moderna,381409
Germany,2021-03-17,Oxford/AstraZeneca,1887552
Germany,2021-03-17,Pfizer/BioNTech,7975724
Germany,2021-03-18,Moderna,398962
Germany,2021-03-18,Oxford/AstraZeneca,1889120
Germany,2021-03-18,Pfizer/BioNTech,8150897
Germany,2021-03-19,Moderna,418678
Germany,2021-03-19,Oxford/AstraZeneca,1927381
Germany,2021-03-19,Pfizer/BioNTech,8334474
Germany,2021-03-20,Moderna,433858
Germany,2021-03-20,Oxford/AstraZeneca,1995307
Germany,2021-03-20,Pfizer/BioNTech,8469997
Germany,2021-03-21,Moderna,443026
Germany,2021-03-21,Oxford/AstraZeneca,2047566
Germany,2021-03-21,Pfizer/BioNTech,8574060
Germany,2021-03-22,Moderna,466529
Germany,2021-03-22,Oxford/AstraZeneca,2124106
Germany,2021-03-22,Pfizer/BioNTech,8739199
Germany,2021-03-23,Moderna,486171
Germany,2021-03-23,Oxford/AstraZeneca,2221017
Germany,2021-03-23,Pfizer/BioNTech,8919845
Germany,2021-03-24,Moderna,518708
Germany,2021-03-24,Oxford/AstraZeneca,2323658
Germany,2021-03-24,Pfizer/BioNTech,9116569
Germany,2021-03-25,Moderna,544624
Germany,2021-03-25,Oxford/AstraZeneca,2444533
Germany,2021-03-25,Pfizer/BioNTech,9303949
Germany,2021-03-26,Moderna,579145
Germany,2021-03-26,Oxford/AstraZeneca,2578141
Germany,2021-03-26,Pfizer/BioNTech,9505461
Germany,2021-03-27,Moderna,606238
Germany,2021-03-27,Oxford/AstraZeneca,2684375
Germany,2021-03-27,Pfizer/BioNTech,9656397
Germany,2021-03-28,Moderna,624757
Germany,2021-03-28,Oxford/AstraZeneca,2744376
Germany,2021-03-28,Pfizer/BioNTech,9773717
Germany,2021-03-29,Moderna,649826
Germany,2021-03-29,Oxford/AstraZeneca,2838589
Germany,2021-03-29,Pfizer/BioNTech,9960928
Germany,2021-03-30,Moderna,675214
Germany,2021-03-30,Oxford/AstraZeneca,2923516
Germany,2021-03-30,Pfizer/BioNTech,10174830
Germany,2021-03-31,Moderna,712503
Germany,2021-03-31,Oxford/AstraZeneca,2975871
Germany,2021-03-31,Pfizer/BioNTech,10422120
Germany,2021-04-01,Moderna,744088
Germany,2021-04-01,Oxford/AstraZeneca,3030417
Germany,2021-04-01,Pfizer/BioNTech,10654435
Germany,2021-04-02,Moderna,760545
Germany,2021-04-02,Oxford/AstraZeneca,3061966
Germany,2021-04-02,Pfizer/BioNTech,10835466
Germany,2021-04-03,Moderna,777602
Germany,2021-04-03,Oxford/AstraZeneca,3103068
Germany,2021-04-03,Pfizer/BioNTech,11007092
Germany,2021-04-04,Moderna,788695
Germany,2021-04-04,Oxford/AstraZeneca,3152679
Germany,2021-04-04,Pfizer/BioNTech,11142173
Germany,2021-04-05,Moderna,806583
Germany,2021-04-05,Oxford/AstraZeneca,3216150
Germany,2021-04-05,Pfizer/BioNTech,11310379
Germany,2021-04-06,Moderna,839485
Germany,2021-04-06,Oxford/AstraZeneca,3302869
Germany,2021-04-06,Pfizer/BioNTech,11568141
Germany,2021-04-07,Moderna,874725
Germany,2021-04-07,Oxford/AstraZeneca,3401953
Germany,2021-04-07,Pfizer/BioNTech,12108039
Germany,2021-04-08,Moderna,909147
Germany,2021-04-08,Oxford/AstraZeneca,3525083
Germany,2021-04-08,Pfizer/BioNTech,12677227
Germany,2021-04-09,Moderna,943253
Germany,2021-04-09,Oxford/AstraZeneca,3623987
Germany,2021-04-09,Pfizer/BioNTech,13162212
Germany,2021-04-10,Moderna,965406
Germany,2021-04-10,Oxford/AstraZeneca,3721731
Germany,2021-04-10,Pfizer/BioNTech,13405605
Germany,2021-04-11,Moderna,983377
Germany,2021-04-11,Oxford/AstraZeneca,3795368
Germany,2021-04-11,Pfizer/BioNTech,13571091
Germany,2021-04-12,Moderna,1011177
Germany,2021-04-12,Oxford/AstraZeneca,3903014
Germany,2021-04-12,Pfizer/BioNTech,13847298
Germany,2021-04-13,Moderna,1037060
Germany,2021-04-13,Oxford/AstraZeneca,4017673
Germany,2021-04-13,Pfizer/BioNTech,14273180
Germany,2021-04-14,Moderna,1066848
Germany,2021-04-14,Oxford/AstraZeneca,4139936
Germany,2021-04-14,Pfizer/BioNTech,14879302
Germany,2021-04-15,Moderna,1099930
Germany,2021-04-15,Oxford/AstraZeneca,4247229
Germany,2021-04-15,Pfizer/BioNTech,15396946
Iceland,2020-12-29,Moderna,0
Iceland,2020-12-29,Oxford/AstraZeneca,0
Iceland,2020-12-29,Pfizer/BioNTech,2525
Iceland,2020-12-30,Moderna,0
Iceland,2020-12-30,Oxford/AstraZeneca,0
Iceland,2020-12-30,Pfizer/BioNTech,4941
Iceland,2020-12-31,Moderna,0
Iceland,2020-12-31,Oxford/AstraZeneca,0
Iceland,2020-12-31,Pfizer/BioNTech,4941
Iceland,2021-01-01,Moderna,0
Iceland,2021-01-01,Oxford/AstraZeneca,0
Iceland,2021-01-01,Pfizer/BioNTech,4941
Iceland,2021-01-02,Moderna,0
Iceland,2021-01-02,Oxford/AstraZeneca,0
Iceland,2021-01-02,Pfizer/BioNTech,4941
Iceland,2021-01-03,Moderna,0
Iceland,2021-01-03,Oxford/AstraZeneca,0
Iceland,2021-01-03,Pfizer/BioNTech,4941
Iceland,2021-01-04,Moderna,0
Iceland,2021-01-04,Oxford/AstraZeneca,0
Iceland,2021-01-04,Pfizer/BioNTech,4941
Iceland,2021-01-05,Moderna,0
Iceland,2021-01-05,Oxford/AstraZeneca,0
Iceland,2021-01-05,Pfizer/BioNTech,4948
Iceland,2021-01-06,Moderna,0
Iceland,2021-01-06,Oxford/AstraZeneca,0
Iceland,2021-01-06,Pfizer/BioNTech,4948
Iceland,2021-01-07,Moderna,0
Iceland,2021-01-07,Oxford/AstraZeneca,0
Iceland,2021-01-07,Pfizer/BioNTech,4948
Iceland,2021-01-08,Moderna,0
Iceland,2021-01-08,Oxford/AstraZeneca,0
Iceland,2021-01-08,Pfizer/BioNTech,4948
Iceland,2021-01-09,Moderna,0
Iceland,2021-01-09,Oxford/AstraZeneca,0
Iceland,2021-01-09,Pfizer/BioNTech,4948
Iceland,2021-01-10,Moderna,0
Iceland,2021-01-10,Oxford/AstraZeneca,0
Iceland,2021-01-10,Pfizer/BioNTech,4948
Iceland,2021-01-11,Moderna,0
Iceland,2021-01-11,Oxford/AstraZeneca,0
Iceland,2021-01-11,Pfizer/BioNTech,4948
Iceland,2021-01-12,Moderna,0
Iceland,2021-01-12,Oxford/AstraZeneca,0
Iceland,2021-01-12,Pfizer/BioNTech,4948
Iceland,2021-01-13,Moderna,501
Iceland,2021-01-13,Oxford/AstraZeneca,0
Iceland,2021-01-13,Pfizer/BioNTech,4948
Iceland,2021-01-14,Moderna,843
Iceland,2021-01-14,Oxford/AstraZeneca,0
Iceland,2021-01-14,Pfizer/BioNTech,4948
Iceland,2021-01-15,Moderna,1262
Iceland,2021-01-15,Oxford/AstraZeneca,0
Iceland,2021-01-15,Pfizer/BioNTech,4948
Iceland,2021-01-16,Moderna,1262
Iceland,2021-01-16,Oxford/AstraZeneca,0
Iceland,2021-01-16,Pfizer/BioNTech,4948
Iceland,2021-01-17,Moderna,1262
Iceland,2021-01-17,Oxford/AstraZeneca,0
Iceland,2021-01-17,Pfizer/BioNTech,4948
Iceland,2021-01-18,Moderna,1263
Iceland,2021-01-18,Oxford/AstraZeneca,0
Iceland,2021-01-18,Pfizer/BioNTech,4978
Iceland,2021-01-19,Moderna,1263
Iceland,2021-01-19,Oxford/AstraZeneca,0
Iceland,2021-01-19,Pfizer/BioNTech,6072
Iceland,2021-01-20,Moderna,1263
Iceland,2021-01-20,Oxford/AstraZeneca,0
Iceland,2021-01-20,Pfizer/BioNTech,7834
Iceland,2021-01-21,Moderna,1263
Iceland,2021-01-21,Oxford/AstraZeneca,1
Iceland,2021-01-21,Pfizer/BioNTech,11610
Iceland,2021-01-22,Moderna,1263
Iceland,2021-01-22,Oxford/AstraZeneca,1
Iceland,2021-01-22,Pfizer/BioNTech,13501
Iceland,2021-01-23,Moderna,1263
Iceland,2021-01-23,Oxford/AstraZeneca,1
Iceland,2021-01-23,Pfizer/BioNTech,14050
Iceland,2021-01-24,Moderna,1263
Iceland,2021-01-24,Oxford/AstraZeneca,1
Iceland,2021-01-24,Pfizer/BioNTech,14050
Iceland,2021-01-25,Moderna,1263
Iceland,2021-01-25,Oxford/AstraZeneca,1
Iceland,2021-01-25,Pfizer/BioNTech,14206
Iceland,2021-01-26,Moderna,1263
Iceland,2021-01-26,Oxford/AstraZeneca,1
Iceland,2021-01-26,Pfizer/BioNTech,14313
Iceland,2021-01-27,Moderna,1263
Iceland,2021-01-27,Oxford/AstraZeneca,1
Iceland,2021-01-27,Pfizer/BioNTech,14326
Iceland,2021-01-28,Moderna,1263
Iceland,2021-01-28,Oxford/AstraZeneca,1
Iceland,2021-01-28,Pfizer/BioNTech,14326
Iceland,2021-01-29,Moderna,1263
Iceland,2021-01-29,Oxford/AstraZeneca,1
Iceland,2021-01-29,Pfizer/BioNTech,14327
Iceland,2021-01-30,Moderna,1263
Iceland,2021-01-30,Oxford/AstraZeneca,1
Iceland,2021-01-30,Pfizer/BioNTech,14327
Iceland,2021-01-31,Moderna,1263
Iceland,2021-01-31,Oxford/AstraZeneca,1
Iceland,2021-01-31,Pfizer/BioNTech,14327
Iceland,2021-02-01,Moderna,1263
Iceland,2021-02-01,Oxford/AstraZeneca,1
Iceland,2021-02-01,Pfizer/BioNTech,14764
Iceland,2021-02-02,Moderna,1264
Iceland,2021-02-02,Oxford/AstraZeneca,1
Iceland,2021-02-02,Pfizer/BioNTech,15775
Iceland,2021-02-03,Moderna,1264
Iceland,2021-02-03,Oxford/AstraZeneca,1
Iceland,2021-02-03,Pfizer/BioNTech,16304
Iceland,2021-02-04,Moderna,1264
Iceland,2021-02-04,Oxford/AstraZeneca,1
Iceland,2021-02-04,Pfizer/BioNTech,16343
Iceland,2021-02-05,Moderna,1264
Iceland,2021-02-05,Oxford/AstraZeneca,1
Iceland,2021-02-05,Pfizer/BioNTech,16367
Iceland,2021-02-06,Moderna,1264
Iceland,2021-02-06,Oxford/AstraZeneca,1
Iceland,2021-02-06,Pfizer/BioNTech,16486
Iceland,2021-02-07,Moderna,1264
Iceland,2021-02-07,Oxford/AstraZeneca,1
Iceland,2021-02-07,Pfizer/BioNTech,16486
Iceland,2021-02-08,Moderna,1264
Iceland,2021-02-08,Oxford/AstraZeneca,1
Iceland,2021-02-08,Pfizer/BioNTech,16486
Iceland,2021-02-09,Moderna,1264
Iceland,2021-02-09,Oxford/AstraZeneca,1
Iceland,2021-02-09,Pfizer/BioNTech,16486
Iceland,2021-02-10,Moderna,1814
Iceland,2021-02-10,Oxford/AstraZeneca,1
Iceland,2021-02-10,Pfizer/BioNTech,16487
Iceland,2021-02-11,Moderna,1990
Iceland,2021-02-11,Oxford/AstraZeneca,1209
Iceland,2021-02-11,Pfizer/BioNTech,16487
Iceland,2021-02-12,Moderna,2198
Iceland,2021-02-12,Oxford/AstraZeneca,1209
Iceland,2021-02-12,Pfizer/BioNTech,16501
Iceland,2021-02-13,Moderna,2198
Iceland,2021-02-13,Oxford/AstraZeneca,1209
Iceland,2021-02-13,Pfizer/BioNTech,16501
Iceland,2021-02-14,Moderna,2198
Iceland,2021-02-14,Oxford/AstraZeneca,1209
Iceland,2021-02-14,Pfizer/BioNTech,16501
Iceland,2021-02-15,Moderna,2385
Iceland,2021-02-15,Oxford/AstraZeneca,1209
Iceland,2021-02-15,Pfizer/BioNTech,16501
Iceland,2021-02-16,Moderna,2584
Iceland,2021-02-16,Oxford/AstraZeneca,1253
Iceland,2021-02-16,Pfizer/BioNTech,17796
Iceland,2021-02-17,Moderna,3233
Iceland,2021-02-17,Oxford/AstraZeneca,1516
Iceland,2021-02-17,Pfizer/BioNTech,20223
Iceland,2021-02-18,Moderna,3574
Iceland,2021-02-18,Oxford/AstraZeneca,1595
Iceland,2021-02-18,Pfizer/BioNTech,20670
Iceland,2021-02-19,Moderna,3904
Iceland,2021-02-19,Oxford/AstraZeneca,2719
Iceland,2021-02-19,Pfizer/BioNTech,20854
Iceland,2021-02-20,Moderna,3904
Iceland,2021-02-20,Oxford/AstraZeneca,2719
Iceland,2021-02-20,Pfizer/BioNTech,21204
Iceland,2021-02-21,Moderna,3904
Iceland,2021-02-21,Oxford/AstraZeneca,2719
Iceland,2021-02-21,Pfizer/BioNTech,21204
Iceland,2021-02-22,Moderna,3904
Iceland,2021-02-22,Oxford/AstraZeneca,2836
Iceland,2021-02-22,Pfizer/BioNTech,21230
Iceland,2021-02-23,Moderna,3904
Iceland,2021-02-23,Oxford/AstraZeneca,3156
Iceland,2021-02-23,Pfizer/BioNTech,22601
Iceland,2021-02-24,Moderna,3904
Iceland,2021-02-24,Oxford/AstraZeneca,3726
Iceland,2021-02-24,Pfizer/BioNTech,23912
Iceland,2021-02-25,Moderna,3904
Iceland,2021-02-25,Oxford/AstraZeneca,3936
Iceland,2021-02-25,Pfizer/BioNTech,24429
Iceland,2021-02-26,Moderna,3904
Iceland,2021-02-26,Oxford/AstraZeneca,5157
Iceland,2021-02-26,Pfizer/BioNTech,24588
Iceland,2021-02-27,Moderna,3904
Iceland,2021-02-27,Oxford/AstraZeneca,5157
Iceland,2021-02-27,Pfizer/BioNTech,24747
Iceland,2021-02-28,Moderna,3904
Iceland,2021-02-28,Oxford/AstraZeneca,5157
Iceland,2021-02-28,Pfizer/BioNTech,24747
Iceland,2021-03-01,Moderna,3904
Iceland,2021-03-01,Oxford/AstraZeneca,5253
Iceland,2021-03-01,Pfizer/BioNTech,24747
Iceland,2021-03-02,Moderna,3905
Iceland,2021-03-02,Oxford/AstraZeneca,5379
Iceland,2021-03-02,Pfizer/BioNTech,27104
Iceland,2021-03-03,Moderna,3905
Iceland,2021-03-03,Oxford/AstraZeneca,5491
Iceland,2021-03-03,Pfizer/BioNTech,29856
Iceland,2021-03-04,Moderna,3906
Iceland,2021-03-04,Oxford/AstraZeneca,5856
Iceland,2021-03-04,Pfizer/BioNTech,30037
Iceland,2021-03-05,Moderna,3906
Iceland,2021-03-05,Oxford/AstraZeneca,8147
Iceland,2021-03-05,Pfizer/BioNTech,30037
Iceland,2021-03-06,Moderna,3906
Iceland,2021-03-06,Oxford/AstraZeneca,8147
Iceland,2021-03-06,Pfizer/BioNTech,30037
Iceland,2021-03-07,Moderna,3906
Iceland,2021-03-07,Oxford/AstraZeneca,8147
Iceland,2021-03-07,Pfizer/BioNTech,30037
Iceland,2021-03-08,Moderna,3906
Iceland,2021-03-08,Oxford/AstraZeneca,8150
Iceland,2021-03-08,Pfizer/BioNTech,30038
Iceland,2021-03-09,Moderna,3906
Iceland,2021-03-09,Oxford/AstraZeneca,8290
Iceland,2021-03-09,Pfizer/BioNTech,32713
Iceland,2021-03-10,Moderna,3906
Iceland,2021-03-10,Oxford/AstraZeneca,8895
Iceland,2021-03-10,Pfizer/BioNTech,33298
Iceland,2021-03-11,Moderna,3906
Iceland,2021-03-11,Oxford/AstraZeneca,9280
Iceland,2021-03-11,Pfizer/BioNTech,33722
Iceland,2021-03-12,Moderna,3906
Iceland,2021-03-12,Oxford/AstraZeneca,9280
Iceland,2021-03-12,Pfizer/BioNTech,33916
Iceland,2021-03-13,Moderna,3906
Iceland,2021-03-13,Oxford/AstraZeneca,9280
Iceland,2021-03-13,Pfizer/BioNTech,33916
Iceland,2021-03-14,Moderna,3906
Iceland,2021-03-14,Oxford/AstraZeneca,9280
Iceland,2021-03-14,Pfizer/BioNTech,33916
Iceland,2021-03-15,Moderna,3906
Iceland,2021-03-15,Oxford/AstraZeneca,9280
Iceland,2021-03-15,Pfizer/BioNTech,33935
Iceland,2021-03-16,Moderna,3906
Iceland,2021-03-16,Oxford/AstraZeneca,9280
Iceland,2021-03-16,Pfizer/BioNTech,37168
Iceland,2021-03-17,Moderna,4343
Iceland,2021-03-17,Oxford/AstraZeneca,9280
Iceland,2021-03-17,Pfizer/BioNTech,37695
Iceland,2021-03-18,Moderna,4623
Iceland,2021-03-18,Oxford/AstraZeneca,9280
Iceland,2021-03-18,Pfizer/BioNTech,38734
Iceland,2021-03-19,Moderna,4848
Iceland,2021-03-19,Oxford/AstraZeneca,9280
Iceland,2021-03-19,Pfizer/BioNTech,38920
Iceland,2021-03-20,Moderna,4848
Iceland,2021-03-20,Oxford/AstraZeneca,9280
Iceland,2021-03-20,Pfizer/BioNTech,38920
Iceland,2021-03-21,Moderna,4848
Iceland,2021-03-21,Oxford/AstraZeneca,9280
Iceland,2021-03-21,Pfizer/BioNTech,38921
Iceland,2021-03-22,Moderna,5075
Iceland,2021-03-22,Oxford/AstraZeneca,9280
Iceland,2021-03-22,Pfizer/BioNTech,40544
Iceland,2021-03-23,Moderna,5288
Iceland,2021-03-23,Oxford/AstraZeneca,9289
Iceland,2021-03-23,Pfizer/BioNTech,43489
Iceland,2021-03-24,Moderna,6715
Iceland,2021-03-24,Oxford/AstraZeneca,9289
Iceland,2021-03-24,Pfizer/BioNTech,43929
Iceland,2021-03-25,Moderna,6715
Iceland,2021-03-25,Oxford/AstraZeneca,9322
Iceland,2021-03-25,Pfizer/BioNTech,44371
Iceland,2021-03-26,Moderna,6715
Iceland,2021-03-26,Oxford/AstraZeneca,13963
Iceland,2021-03-26,Pfizer/BioNTech,44802
Iceland,2021-03-27,Moderna,6715
Iceland,2021-03-27,Oxford/AstraZeneca,13963
Iceland,2021-03-27,Pfizer/BioNTech,45187
Iceland,2021-03-28,Moderna,6715
Iceland,2021-03-28,Oxford/AstraZeneca,13963
Iceland,2021-03-28,Pfizer/BioNTech,45519
Iceland,2021-03-29,Moderna,6715
Iceland,2021-03-29,Oxford/AstraZeneca,14975
Iceland,2021-03-29,Pfizer/BioNTech,46379
Iceland,2021-03-30,Moderna,6715
Iceland,2021-03-30,Oxford/AstraZeneca,16436
Iceland,2021-03-30,Pfizer/BioNTech,49880
Iceland,2021-03-31,Moderna,6715
Iceland,2021-03-31,Oxford/AstraZeneca,17232
Iceland,2021-03-31,Pfizer/BioNTech,50713
Iceland,2021-04-01,Moderna,6715
Iceland,2021-04-01,Oxford/AstraZeneca,17232
Iceland,2021-04-01,Pfizer/BioNTech,50713
Iceland,2021-04-02,Moderna,6715
Iceland,2021-04-02,Oxford/AstraZeneca,17232
Iceland,2021-04-02,Pfizer/BioNTech,50713
Iceland,2021-04-03,Moderna,6715
Iceland,2021-04-03,Oxford/AstraZeneca,17232
Iceland,2021-04-03,Pfizer/BioNTech,50713
Iceland,2021-04-04,Moderna,6715
Iceland,2021-04-04,Oxford/AstraZeneca,17232
Iceland,2021-04-04,Pfizer/BioNTech,50713
Iceland,2021-04-05,Moderna,6715
Iceland,2021-04-05,Oxford/AstraZeneca,17232
Iceland,2021-04-05,Pfizer/BioNTech,50713
Iceland,2021-04-06,Moderna,6715
Iceland,2021-04-06,Oxford/AstraZeneca,17232
Iceland,2021-04-06,Pfizer/BioNTech,50713
Iceland,2021-04-07,Moderna,6715
Iceland,2021-04-07,Oxford/AstraZeneca,18054
Iceland,2021-04-07,Pfizer/BioNTech,55002
Iceland,2021-04-08,Moderna,6715
Iceland,2021-04-08,Oxford/AstraZeneca,22356
Iceland,2021-04-08,Pfizer/BioNTech,57340
Iceland,2021-04-09,Moderna,8153
Iceland,2021-04-09,Oxford/AstraZeneca,22726
Iceland,2021-04-09,Pfizer/BioNTech,57833
Iceland,2021-04-10,Moderna,8153
Iceland,2021-04-10,Oxford/AstraZeneca,23239
Iceland,2021-04-10,Pfizer/BioNTech,57851
Iceland,2021-04-11,Moderna,8153
Iceland,2021-04-11,Oxford/AstraZeneca,23239
Iceland,2021-04-11,Pfizer/BioNTech,57851
Iceland,2021-04-12,Moderna,8153
Iceland,2021-04-12,Oxford/AstraZeneca,23261
Iceland,2021-04-12,Pfizer/BioNTech,57851
Iceland,2021-04-13,Moderna,8153
Iceland,2021-04-13,Oxford/AstraZeneca,23281
Iceland,2021-04-13,Pfizer/BioNTech,64029
Iceland,2021-04-14,Moderna,8153
Iceland,2021-04-14,Oxford/AstraZeneca,23783
Iceland,2021-04-14,Pfizer/BioNTech,65483
Iceland,2021-04-15,Moderna,8153
Iceland,2021-04-15,Oxford/AstraZeneca,23898
Iceland,2021-04-15,Pfizer/BioNTech,66621
Italy,2020-12-27,Pfizer/BioNTech,7169
Italy,2020-12-28,Pfizer/BioNTech,8590
Italy,2020-12-29,Pfizer/BioNTech,9595
Italy,2020-12-30,Pfizer/BioNTech,14322
Italy,2020-12-31,Pfizer/BioNTech,39798
Italy,2021-01-01,Pfizer/BioNTech,50852
Italy,2021-01-02,Pfizer/BioNTech,89362
Italy,2021-01-03,Pfizer/BioNTech,124520
Italy,2021-01-04,Pfizer/BioNTech,193251
Italy,2021-01-05,Pfizer/BioNTech,272919
Italy,2021-01-06,Pfizer/BioNTech,338102
Italy,2021-01-07,Pfizer/BioNTech,430333
Italy,2021-01-08,Moderna,1
Italy,2021-01-08,Pfizer/BioNTech,525902
Italy,2021-01-09,Pfizer/BioNTech,612791
Italy,2021-01-10,Pfizer/BioNTech,673130
Italy,2021-01-11,Pfizer/BioNTech,754039
Italy,2021-01-12,Pfizer/BioNTech,836019
Italy,2021-01-13,Moderna,2
Italy,2021-01-13,Pfizer/BioNTech,930401
Italy,2021-01-14,Moderna,86
Italy,2021-01-14,Pfizer/BioNTech,1023784
Italy,2021-01-15,Moderna,1180
Italy,2021-01-15,Pfizer/BioNTech,1111917
Italy,2021-01-16,Moderna,2090
Italy,2021-01-16,Pfizer/BioNTech,1175691
Italy,2021-01-17,Moderna,2383
Italy,2021-01-17,Pfizer/BioNTech,1212165
Italy,2021-01-18,Moderna,3601
Italy,2021-01-18,Pfizer/BioNTech,1254329
Italy,2021-01-19,Moderna,5692
Italy,2021-01-19,Pfizer/BioNTech,1284680
Italy,2021-01-20,Moderna,8969
Italy,2021-01-20,Pfizer/BioNTech,1311626
Italy,2021-01-21,Moderna,11760
Italy,2021-01-21,Pfizer/BioNTech,1344020
Italy,2021-01-22,Moderna,13496
Italy,2021-01-22,Oxford/AstraZeneca,3
Italy,2021-01-22,Pfizer/BioNTech,1368472
Italy,2021-01-23,Moderna,14496
Italy,2021-01-23,Pfizer/BioNTech,1405869
Italy,2021-01-24,Moderna,15290
Italy,2021-01-24,Pfizer/BioNTech,1438728
Italy,2021-01-25,Moderna,15888
Italy,2021-01-25,Pfizer/BioNTech,1506809
Italy,2021-01-26,Moderna,16635
Italy,2021-01-26,Pfizer/BioNTech,1585908
Italy,2021-01-27,Moderna,17255
Italy,2021-01-27,Pfizer/BioNTech,1655801
Italy,2021-01-28,Moderna,18029
Italy,2021-01-28,Pfizer/BioNTech,1748211
Italy,2021-01-29,Moderna,18837
Italy,2021-01-29,Pfizer/BioNTech,1844818
Italy,2021-01-30,Moderna,19303
Italy,2021-01-30,Oxford/AstraZeneca,4
Italy,2021-01-30,Pfizer/BioNTech,1934263
Italy,2021-01-31,Moderna,19500
Italy,2021-01-31,Pfizer/BioNTech,1993443
Italy,2021-02-01,Moderna,20051
Italy,2021-02-01,Oxford/AstraZeneca,5
Italy,2021-02-01,Pfizer/BioNTech,2078393
Italy,2021-02-02,Moderna,21163
Italy,2021-02-02,Oxford/AstraZeneca,15
Italy,2021-02-02,Pfizer/BioNTech,2164978
Italy,2021-02-03,Moderna,22567
Italy,2021-02-03,Pfizer/BioNTech,2262870
Italy,2021-02-04,Moderna,24210
Italy,2021-02-04,Pfizer/BioNTech,2368016
Italy,2021-02-05,Moderna,27435
Italy,2021-02-05,Oxford/AstraZeneca,17
Italy,2021-02-05,Pfizer/BioNTech,2471281
Italy,2021-02-06,Moderna,29526
Italy,2021-02-06,Pfizer/BioNTech,2545817
Italy,2021-02-07,Moderna,30118
Italy,2021-02-07,Oxford/AstraZeneca,18
Italy,2021-02-07,Pfizer/BioNTech,2586700
Italy,2021-02-08,Moderna,32730
Italy,2021-02-08,Oxford/AstraZeneca,19
Italy,2021-02-08,Pfizer/BioNTech,2650273
Italy,2021-02-09,Moderna,36076
Italy,2021-02-09,Pfizer/BioNTech,2713138
Italy,2021-02-10,Moderna,38895
Italy,2021-02-10,Oxford/AstraZeneca,20
Italy,2021-02-10,Pfizer/BioNTech,2782489
Italy,2021-02-11,Moderna,42025
Italy,2021-02-11,Oxford/AstraZeneca,2921
Italy,2021-02-11,Pfizer/BioNTech,2850660
Italy,2021-02-12,Moderna,46150
Italy,2021-02-12,Oxford/AstraZeneca,7408
Italy,2021-02-12,Pfizer/BioNTech,2915252
Italy,2021-02-13,Moderna,50032
Italy,2021-02-13,Oxford/AstraZeneca,12660
Italy,2021-02-13,Pfizer/BioNTech,2958431
Italy,2021-02-14,Moderna,51233
Italy,2021-02-14,Oxford/AstraZeneca,19710
Italy,2021-02-14,Pfizer/BioNTech,2979390
Italy,2021-02-15,Moderna,55364
Italy,2021-02-15,Oxford/AstraZeneca,26679
Italy,2021-02-15,Pfizer/BioNTech,3030660
Italy,2021-02-16,Moderna,62042
Italy,2021-02-16,Oxford/AstraZeneca,35934
Italy,2021-02-16,Pfizer/BioNTech,3085437
Italy,2021-02-17,Moderna,69780
Italy,2021-02-17,Oxford/AstraZeneca,48528
Italy,2021-02-17,Pfizer/BioNTech,3144670
Italy,2021-02-18,Moderna,76809
Italy,2021-02-18,Oxford/AstraZeneca,65907
Italy,2021-02-18,Pfizer/BioNTech,3209476
Italy,2021-02-19,Moderna,83744
Italy,2021-02-19,Oxford/AstraZeneca,84960
Italy,2021-02-19,Pfizer/BioNTech,3275447
Italy,2021-02-20,Moderna,90122
Italy,2021-02-20,Oxford/AstraZeneca,103934
Italy,2021-02-20,Pfizer/BioNTech,3327673
Italy,2021-02-21,Moderna,95568
Italy,2021-02-21,Oxford/AstraZeneca,114573
Italy,2021-02-21,Pfizer/BioNTech,3362329
Italy,2021-02-22,Moderna,101480
Italy,2021-02-22,Oxford/AstraZeneca,137873
Italy,2021-02-22,Pfizer/BioNTech,3438330
Italy,2021-02-23,Moderna,106761
Italy,2021-02-23,Oxford/AstraZeneca,162640
Italy,2021-02-23,Pfizer/BioNTech,3514540
Italy,2021-02-24,Moderna,112994
Italy,2021-02-24,Oxford/AstraZeneca,189796
Italy,2021-02-24,Pfizer/BioNTech,3603054
Italy,2021-02-25,Moderna,119193
Italy,2021-02-25,Oxford/AstraZeneca,221327
Italy,2021-02-25,Pfizer/BioNTech,3693418
Italy,2021-02-26,Moderna,124886
Italy,2021-02-26,Oxford/AstraZeneca,261486
Italy,2021-02-26,Pfizer/BioNTech,3783403
Italy,2021-02-27,Moderna,131849
Italy,2021-02-27,Oxford/AstraZeneca,306020
Italy,2021-02-27,Pfizer/BioNTech,3858076
Italy,2021-02-28,Moderna,134543
Italy,2021-02-28,Oxford/AstraZeneca,332413
Italy,2021-02-28,Pfizer/BioNTech,3906937
Italy,2021-03-01,Moderna,141610
Italy,2021-03-01,Oxford/AstraZeneca,372237
Italy,2021-03-01,Pfizer/BioNTech,3995010
Italy,2021-03-02,Moderna,149102
Italy,2021-03-02,Oxford/AstraZeneca,427736
Italy,2021-03-02,Pfizer/BioNTech,4091862
Italy,2021-03-03,Moderna,159094
Italy,2021-03-03,Oxford/AstraZeneca,484521
Italy,2021-03-03,Pfizer/BioNTech,4210322
Italy,2021-03-04,Moderna,170050
Italy,2021-03-04,Oxford/AstraZeneca,543398
Italy,2021-03-04,Pfizer/BioNTech,4335615
Italy,2021-03-05,Moderna,182251
Italy,2021-03-05,Oxford/AstraZeneca,607064
Italy,2021-03-05,Pfizer/BioNTech,4462281
Italy,2021-03-06,Moderna,195376
Italy,2021-03-06,Oxford/AstraZeneca,669624
Italy,2021-03-06,Pfizer/BioNTech,4562443
Italy,2021-03-07,Moderna,202899
Italy,2021-03-07,Oxford/AstraZeneca,705256
Italy,2021-03-07,Pfizer/BioNTech,4620022
Italy,2021-03-08,Moderna,215201
Italy,2021-03-08,Oxford/AstraZeneca,762121
Italy,2021-03-08,Pfizer/BioNTech,4728839
Italy,2021-03-09,Moderna,227513
Italy,2021-03-09,Oxford/AstraZeneca,821467
Italy,2021-03-09,Pfizer/BioNTech,4847894
Italy,2021-03-10,Moderna,238487
Italy,2021-03-10,Oxford/AstraZeneca,884456
Italy,2021-03-10,Pfizer/BioNTech,4985179
Italy,2021-03-11,Moderna,250573
Italy,2021-03-11,Oxford/AstraZeneca,951779
Italy,2021-03-11,Pfizer/BioNTech,5124429
Italy,2021-03-12,Moderna,260353
Italy,2021-03-12,Oxford/AstraZeneca,1021181
Italy,2021-03-12,Pfizer/BioNTech,5253399
Italy,2021-03-13,Moderna,271410
Italy,2021-03-13,Oxford/AstraZeneca,1087252
Italy,2021-03-13,Pfizer/BioNTech,5351593
Italy,2021-03-14,Moderna,278325
Italy,2021-03-14,Oxford/AstraZeneca,1127486
Italy,2021-03-14,Pfizer/BioNTech,5409705
Italy,2021-03-15,Moderna,289220
Italy,2021-03-15,Oxford/AstraZeneca,1174341
Italy,2021-03-15,Pfizer/BioNTech,5522274
Italy,2021-03-16,Moderna,301310
Italy,2021-03-16,Oxford/AstraZeneca,1174754
Italy,2021-03-16,Pfizer/BioNTech,5649462
Italy,2021-03-17,Moderna,312548
Italy,2021-03-17,Oxford/AstraZeneca,1175067
Italy,2021-03-17,Pfizer/BioNTech,5802574
Italy,2021-03-18,Moderna,325384
Italy,2021-03-18,Oxford/AstraZeneca,1175229
Italy,2021-03-18,Pfizer/BioNTech,5952166
Italy,2021-03-19,Moderna,336451
Italy,2021-03-19,Oxford/AstraZeneca,1193053
Italy,2021-03-19,Pfizer/BioNTech,6097442
Italy,2021-03-20,Moderna,348865
Italy,2021-03-20,Oxford/AstraZeneca,1242269
Italy,2021-03-20,Pfizer/BioNTech,6209572
Italy,2021-03-21,Moderna,358303
Italy,2021-03-21,Oxford/AstraZeneca,1286225
Italy,2021-03-21,Pfizer/BioNTech,6285434
Italy,2021-03-22,Moderna,369975
Italy,2021-03-22,Oxford/AstraZeneca,1353414
Italy,2021-03-22,Pfizer/BioNTech,6397475
Italy,2021-03-23,Moderna,383331
Italy,2021-03-23,Oxford/AstraZeneca,1429177
Italy,2021-03-23,Pfizer/BioNTech,6528681
Italy,2021-03-24,Moderna,398719
Italy,2021-03-24,Oxford/AstraZeneca,1502108
Italy,2021-03-24,Pfizer/BioNTech,6690862
Italy,2021-03-25,Moderna,416556
Italy,2021-03-25,Oxford/AstraZeneca,1579415
Italy,2021-03-25,Pfizer/BioNTech,6857945
Italy,2021-03-26,Moderna,435256
Italy,2021-03-26,Oxford/AstraZeneca,1657962
Italy,2021-03-26,Pfizer/BioNTech,7024471
Italy,2021-03-27,Moderna,463641
Italy,2021-03-27,Oxford/AstraZeneca,1724632
Italy,2021-03-27,Pfizer/BioNTech,7166667
Italy,2021-03-28,Moderna,480681
Italy,2021-03-28,Oxford/AstraZeneca,1779582
Italy,2021-03-28,Pfizer/BioNTech,7255944
Italy,2021-03-29,Moderna,504944
Italy,2021-03-29,Oxford/AstraZeneca,1848597
Italy,2021-03-29,Pfizer/BioNTech,7400406
Italy,2021-03-30,Moderna,533316
Italy,2021-03-30,Oxford/AstraZeneca,1919160
Italy,2021-03-30,Pfizer/BioNTech,7563400
Italy,2021-03-31,Moderna,556115
Italy,2021-03-31,Oxford/AstraZeneca,1986587
Italy,2021-03-31,Pfizer/BioNTech,7771871
Italy,2021-04-01,Moderna,580681
Italy,2021-04-01,Oxford/AstraZeneca,2038479
Italy,2021-04-01,Pfizer/BioNTech,7975056
Italy,2021-04-02,Moderna,610430
Italy,2021-04-02,Oxford/AstraZeneca,2102534
Italy,2021-04-02,Pfizer/BioNTech,8157142
Italy,2021-04-03,Moderna,645831
Italy,2021-04-03,Oxford/AstraZeneca,2147796
Italy,2021-04-03,Pfizer/BioNTech,8301403
Italy,2021-04-04,Moderna,657896
Italy,2021-04-04,Oxford/AstraZeneca,2185887
Italy,2021-04-04,Pfizer/BioNTech,8347069
Italy,2021-04-05,Moderna,677845
Italy,2021-04-05,Oxford/AstraZeneca,2244549
Italy,2021-04-05,Pfizer/BioNTech,8437947
Italy,2021-04-06,Moderna,716558
Italy,2021-04-06,Oxford/AstraZeneca,2327184
Italy,2021-04-06,Pfizer/BioNTech,8594783
Italy,2021-04-07,Moderna,745253
Italy,2021-04-07,Oxford/AstraZeneca,2406138
Italy,2021-04-07,Pfizer/BioNTech,8803143
Italy,2021-04-08,Moderna,777179
Italy,2021-04-08,Oxford/AstraZeneca,2460480
Italy,2021-04-08,Pfizer/BioNTech,9039783
Italy,2021-04-09,Moderna,810978
Italy,2021-04-09,Oxford/AstraZeneca,2511702
Italy,2021-04-09,Pfizer/BioNTech,9280426
Italy,2021-04-10,Moderna,848699
Italy,2021-04-10,Oxford/AstraZeneca,2571301
Italy,2021-04-10,Pfizer/BioNTech,9494177
Italy,2021-04-11,Moderna,865615
Italy,2021-04-11,Oxford/AstraZeneca,2607953
Italy,2021-04-11,Pfizer/BioNTech,9637342
Italy,2021-04-12,Moderna,889123
Italy,2021-04-12,Oxford/AstraZeneca,2684966
Italy,2021-04-12,Pfizer/BioNTech,9796749
Italy,2021-04-13,Moderna,914703
Italy,2021-04-13,Oxford/AstraZeneca,2777692
Italy,2021-04-13,Pfizer/BioNTech,9956392
Italy,2021-04-14,Moderna,939081
Italy,2021-04-14,Oxford/AstraZeneca,2873995
Italy,2021-04-14,Pfizer/BioNTech,10141674
Italy,2021-04-15,Moderna,959106
Italy,2021-04-15,Oxford/AstraZeneca,2950856
Italy,2021-04-15,Pfizer/BioNTech,10349873
Latvia,2020-12-28,Pfizer/BioNTech,596
Latvia,2020-12-29,Pfizer/BioNTech,1469
Latvia,2020-12-30,Pfizer/BioNTech,2260
Latvia,2021-01-04,Pfizer/BioNTech,2959
Latvia,2021-01-05,Pfizer/BioNTech,3848
Latvia,2021-01-06,Pfizer/BioNTech,4624
Latvia,2021-01-07,Pfizer/BioNTech,5433
Latvia,2021-01-08,Pfizer/BioNTech,6339
Latvia,2021-01-09,Pfizer/BioNTech,6644
Latvia,2021-01-10,Pfizer/BioNTech,6980
Latvia,2021-01-11,Pfizer/BioNTech,8347
Latvia,2021-01-12,Pfizer/BioNTech,9974
Latvia,2021-01-13,Moderna,130
Latvia,2021-01-13,Pfizer/BioNTech,11355
Latvia,2021-01-14,Moderna,552
Latvia,2021-01-14,Pfizer/BioNTech,12755
Latvia,2021-01-15,Moderna,912
Latvia,2021-01-15,Pfizer/BioNTech,14268
Latvia,2021-01-16,Moderna,942
Latvia,2021-01-16,Pfizer/BioNTech,14906
Latvia,2021-01-17,Pfizer/BioNTech,15023
Latvia,2021-01-18,Moderna,1086
Latvia,2021-01-18,Pfizer/BioNTech,15723
Latvia,2021-01-19,Moderna,1147
Latvia,2021-01-19,Pfizer/BioNTech,16538
Latvia,2021-01-20,Moderna,1157
Latvia,2021-01-20,Pfizer/BioNTech,17298
Latvia,2021-01-21,Pfizer/BioNTech,17577
Latvia,2021-01-22,Moderna,1177
Latvia,2021-01-22,Pfizer/BioNTech,17772
Latvia,2021-01-23,Pfizer/BioNTech,17898
Latvia,2021-01-25,Pfizer/BioNTech,18565
Latvia,2021-01-26,Moderna,1188
Latvia,2021-01-26,Pfizer/BioNTech,19402
Latvia,2021-01-27,Pfizer/BioNTech,20220
Latvia,2021-01-28,Pfizer/BioNTech,21001
Latvia,2021-01-29,Moderna,1199
Latvia,2021-01-29,Pfizer/BioNTech,21952
Latvia,2021-01-30,Pfizer/BioNTech,22260
Latvia,2021-01-31,Pfizer/BioNTech,22594
Latvia,2021-02-01,Pfizer/BioNTech,23781
Latvia,2021-02-02,Moderna,1319
Latvia,2021-02-02,Oxford/AstraZeneca,1
Latvia,2021-02-02,Pfizer/BioNTech,25470
Latvia,2021-02-03,Moderna,1539
Latvia,2021-02-03,Pfizer/BioNTech,26872
Latvia,2021-02-04,Moderna,1650
Latvia,2021-02-04,Pfizer/BioNTech,28264
Latvia,2021-02-05,Moderna,1740
Latvia,2021-02-05,Pfizer/BioNTech,29841
Latvia,2021-02-06,Pfizer/BioNTech,30407
Latvia,2021-02-07,Pfizer/BioNTech,30532
Latvia,2021-02-08,Moderna,1780
Latvia,2021-02-08,Pfizer/BioNTech,30903
Latvia,2021-02-09,Moderna,1800
Latvia,2021-02-09,Oxford/AstraZeneca,21
Latvia,2021-02-09,Pfizer/BioNTech,31047
Latvia,2021-02-10,Moderna,1927
Latvia,2021-02-10,Oxford/AstraZeneca,435
Latvia,2021-02-10,Pfizer/BioNTech,31133
Latvia,2021-02-11,Moderna,2309
Latvia,2021-02-11,Oxford/AstraZeneca,1528
Latvia,2021-02-11,Pfizer/BioNTech,31441
Latvia,2021-02-12,Moderna,2648
Latvia,2021-02-12,Oxford/AstraZeneca,2692
Latvia,2021-02-12,Pfizer/BioNTech,31667
Latvia,2021-02-13,Moderna,2698
Latvia,2021-02-13,Oxford/AstraZeneca,2914
Latvia,2021-02-13,Pfizer/BioNTech,31796
Latvia,2021-02-14,Moderna,2718
Latvia,2021-02-14,Oxford/AstraZeneca,2915
Latvia,2021-02-15,Moderna,2869
Latvia,2021-02-15,Oxford/AstraZeneca,3611
Latvia,2021-02-15,Pfizer/BioNTech,31823
Latvia,2021-02-16,Moderna,3088
Latvia,2021-02-16,Oxford/AstraZeneca,4756
Latvia,2021-02-16,Pfizer/BioNTech,31841
Latvia,2021-02-17,Moderna,3220
Latvia,2021-02-17,Oxford/AstraZeneca,6462
Latvia,2021-02-17,Pfizer/BioNTech,31995
Latvia,2021-02-18,Moderna,3458
Latvia,2021-02-18,Oxford/AstraZeneca,7713
Latvia,2021-02-18,Pfizer/BioNTech,32054
Latvia,2021-02-19,Moderna,3666
Latvia,2021-02-19,Oxford/AstraZeneca,8800
Latvia,2021-02-19,Pfizer/BioNTech,32110
Latvia,2021-02-20,Moderna,3685
Latvia,2021-02-20,Oxford/AstraZeneca,9552
Latvia,2021-02-21,Oxford/AstraZeneca,10360
Latvia,2021-02-22,Moderna,3929
Latvia,2021-02-22,Oxford/AstraZeneca,11868
Latvia,2021-02-22,Pfizer/BioNTech,32142
Latvia,2021-02-23,Moderna,4150
Latvia,2021-02-23,Oxford/AstraZeneca,14000
Latvia,2021-02-23,Pfizer/BioNTech,32169
Latvia,2021-02-24,Moderna,4301
Latvia,2021-02-24,Oxford/AstraZeneca,18121
Latvia,2021-02-24,Pfizer/BioNTech,32207
Latvia,2021-02-25,Moderna,4561
Latvia,2021-02-25,Oxford/AstraZeneca,21946
Latvia,2021-02-25,Pfizer/BioNTech,32297
Latvia,2021-02-26,Moderna,4775
Latvia,2021-02-26,Oxford/AstraZeneca,24965
Latvia,2021-02-26,Pfizer/BioNTech,32428
Latvia,2021-02-27,Moderna,5095
Latvia,2021-02-27,Oxford/AstraZeneca,25222
Latvia,2021-02-27,Pfizer/BioNTech,32437
Latvia,2021-02-28,Moderna,5096
Latvia,2021-02-28,Oxford/AstraZeneca,25352
Latvia,2021-03-01,Moderna,5478
Latvia,2021-03-01,Oxford/AstraZeneca,26486
Latvia,2021-03-01,Pfizer/BioNTech,32678
Latvia,2021-03-02,Moderna,6200
Latvia,2021-03-02,Oxford/AstraZeneca,27616
Latvia,2021-03-02,Pfizer/BioNTech,33002
Latvia,2021-03-03,Moderna,6948
Latvia,2021-03-03,Oxford/AstraZeneca,30315
Latvia,2021-03-03,Pfizer/BioNTech,33651
Latvia,2021-03-04,Moderna,7475
Latvia,2021-03-04,Oxford/AstraZeneca,35230
Latvia,2021-03-04,Pfizer/BioNTech,34176
Latvia,2021-03-05,Moderna,7951
Latvia,2021-03-05,Oxford/AstraZeneca,39209
Latvia,2021-03-05,Pfizer/BioNTech,34525
Latvia,2021-03-06,Moderna,8035
Latvia,2021-03-06,Oxford/AstraZeneca,39894
Latvia,2021-03-07,Oxford/AstraZeneca,39968
Latvia,2021-03-08,Moderna,8297
Latvia,2021-03-08,Oxford/AstraZeneca,41399
Latvia,2021-03-09,Moderna,8653
Latvia,2021-03-09,Oxford/AstraZeneca,43147
Latvia,2021-03-09,Pfizer/BioNTech,34764
Latvia,2021-03-10,Moderna,8933
Latvia,2021-03-10,Oxford/AstraZeneca,44763
Latvia,2021-03-10,Pfizer/BioNTech,35326
Latvia,2021-03-11,Moderna,9088
Latvia,2021-03-11,Oxford/AstraZeneca,47097
Latvia,2021-03-11,Pfizer/BioNTech,35470
Latvia,2021-03-12,Moderna,9221
Latvia,2021-03-12,Oxford/AstraZeneca,51850
Latvia,2021-03-12,Pfizer/BioNTech,35511
Latvia,2021-03-13,Moderna,9291
Latvia,2021-03-13,Oxford/AstraZeneca,52682
Latvia,2021-03-14,Oxford/AstraZeneca,52754
Latvia,2021-03-15,Moderna,9392
Latvia,2021-03-15,Oxford/AstraZeneca,56373
Latvia,2021-03-16,Moderna,9554
Latvia,2021-03-16,Oxford/AstraZeneca,56377
Latvia,2021-03-16,Pfizer/BioNTech,35521
Latvia,2021-03-17,Moderna,9714
Latvia,2021-03-17,Oxford/AstraZeneca,56378
Latvia,2021-03-17,Pfizer/BioNTech,35527
Latvia,2021-03-18,Moderna,9934
Latvia,2021-03-18,Pfizer/BioNTech,35580
Latvia,2021-03-19,Moderna,10227
Latvia,2021-03-19,Oxford/AstraZeneca,56691
Latvia,2021-03-19,Pfizer/BioNTech,35674
Latvia,2021-03-20,Moderna,10277
Latvia,2021-03-20,Oxford/AstraZeneca,57041
Latvia,2021-03-21,Oxford/AstraZeneca,57065
Latvia,2021-03-22,Moderna,10882
Latvia,2021-03-22,Oxford/AstraZeneca,59065
Latvia,2021-03-23,Moderna,12075
Latvia,2021-03-23,Oxford/AstraZeneca,63121
Latvia,2021-03-23,Pfizer/BioNTech,35867
Latvia,2021-03-24,Moderna,13541
Latvia,2021-03-24,Oxford/AstraZeneca,67210
Latvia,2021-03-24,Pfizer/BioNTech,36407
Latvia,2021-03-25,Moderna,15130
Latvia,2021-03-25,Oxford/AstraZeneca,70479
Latvia,2021-03-25,Pfizer/BioNTech,36887
Latvia,2021-03-26,Moderna,16785
Latvia,2021-03-26,Oxford/AstraZeneca,72337
Latvia,2021-03-26,Pfizer/BioNTech,37334
Latvia,2021-03-27,Moderna,17187
Latvia,2021-03-27,Oxford/AstraZeneca,72498
Latvia,2021-03-28,Oxford/AstraZeneca,72526
Latvia,2021-03-29,Moderna,18183
Latvia,2021-03-29,Oxford/AstraZeneca,73603
Latvia,2021-03-30,Moderna,19471
Latvia,2021-03-30,Oxford/AstraZeneca,76330
Latvia,2021-03-30,Pfizer/BioNTech,38307
Latvia,2021-03-31,Moderna,20807
Latvia,2021-03-31,Oxford/AstraZeneca,79002
Latvia,2021-03-31,Pfizer/BioNTech,39990
Latvia,2021-04-01,Moderna,22283
Latvia,2021-04-01,Oxford/AstraZeneca,81008
Latvia,2021-04-01,Pfizer/BioNTech,40611
Latvia,2021-04-02,Moderna,22525
Latvia,2021-04-02,Oxford/AstraZeneca,81326
Latvia,2021-04-02,Pfizer/BioNTech,40612
Latvia,2021-04-03,Moderna,22676
Latvia,2021-04-03,Oxford/AstraZeneca,84337
Latvia,2021-04-03,Pfizer/BioNTech,40747
Latvia,2021-04-04,Moderna,22684
Latvia,2021-04-04,Oxford/AstraZeneca,85952
Latvia,2021-04-05,Moderna,22813
Latvia,2021-04-05,Oxford/AstraZeneca,88317
Latvia,2021-04-06,Moderna,24434
Latvia,2021-04-06,Oxford/AstraZeneca,91516
Latvia,2021-04-06,Pfizer/BioNTech,40797
Latvia,2021-04-07,Moderna,26848
Latvia,2021-04-07,Oxford/AstraZeneca,97951
Latvia,2021-04-07,Pfizer/BioNTech,40917
Latvia,2021-04-08,Moderna,28829
Latvia,2021-04-08,Oxford/AstraZeneca,102513
Latvia,2021-04-08,Pfizer/BioNTech,41375
Latvia,2021-04-09,Moderna,30228
Latvia,2021-04-09,Oxford/AstraZeneca,105574
Latvia,2021-04-09,Pfizer/BioNTech,41669
Latvia,2021-04-10,Moderna,30349
Latvia,2021-04-10,Oxford/AstraZeneca,106951
Latvia,2021-04-10,Pfizer/BioNTech,41716
Latvia,2021-04-11,Oxford/AstraZeneca,107037
Latvia,2021-04-12,Moderna,30898
Latvia,2021-04-12,Oxford/AstraZeneca,108430
Latvia,2021-04-12,Pfizer/BioNTech,42130
Latvia,2021-04-13,Moderna,31744
Latvia,2021-04-13,Oxford/AstraZeneca,109889
Latvia,2021-04-13,Pfizer/BioNTech,43353
Latvia,2021-04-14,Moderna,33574
Latvia,2021-04-14,Oxford/AstraZeneca,111785
Latvia,2021-04-14,Pfizer/BioNTech,45588
Latvia,2021-04-15,Moderna,35258
Latvia,2021-04-15,Oxford/AstraZeneca,113227
Latvia,2021-04-15,Pfizer/BioNTech,47282
Lithuania,2020-12-27,Pfizer/BioNTech,2420
Lithuania,2020-12-28,Pfizer/BioNTech,5207
Lithuania,2020-12-29,Pfizer/BioNTech,8194
Lithuania,2020-12-30,Pfizer/BioNTech,9726
Lithuania,2020-12-31,Pfizer/BioNTech,9751
Lithuania,2021-01-04,Pfizer/BioNTech,9752
Lithuania,2021-01-05,Pfizer/BioNTech,10375
Lithuania,2021-01-06,Pfizer/BioNTech,13875
Lithuania,2021-01-07,Pfizer/BioNTech,18030
Lithuania,2021-01-08,Pfizer/BioNTech,23203
Lithuania,2021-01-09,Pfizer/BioNTech,23507
Lithuania,2021-01-10,Pfizer/BioNTech,23510
Lithuania,2021-01-11,Pfizer/BioNTech,25719
Lithuania,2021-01-12,Pfizer/BioNTech,27806
Lithuania,2021-01-13,Moderna,163
Lithuania,2021-01-13,Pfizer/BioNTech,33877
Lithuania,2021-01-14,Moderna,471
Lithuania,2021-01-14,Pfizer/BioNTech,42197
Lithuania,2021-01-15,Moderna,1041
Lithuania,2021-01-15,Pfizer/BioNTech,48899
Lithuania,2021-01-16,Pfizer/BioNTech,50002
Lithuania,2021-01-17,Moderna,1042
Lithuania,2021-01-17,Pfizer/BioNTech,51132
Lithuania,2021-01-18,Moderna,1578
Lithuania,2021-01-18,Pfizer/BioNTech,55111
Lithuania,2021-01-19,Moderna,2074
Lithuania,2021-01-19,Pfizer/BioNTech,60902
Lithuania,2021-01-20,Moderna,2312
Lithuania,2021-01-20,Pfizer/BioNTech,64133
Lithuania,2021-01-21,Moderna,2372
Lithuania,2021-01-21,Pfizer/BioNTech,65622
Lithuania,2021-01-22,Pfizer/BioNTech,66015
Lithuania,2021-01-23,Pfizer/BioNTech,66023
Lithuania,2021-01-25,Pfizer/BioNTech,66125
Lithuania,2021-01-26,Pfizer/BioNTech,69226
Lithuania,2021-01-27,Pfizer/BioNTech,76112
Lithuania,2021-01-28,Pfizer/BioNTech,83183
Lithuania,2021-01-29,Pfizer/BioNTech,91236
Lithuania,2021-01-30,Pfizer/BioNTech,91865
Lithuania,2021-01-31,Pfizer/BioNTech,91873
Lithuania,2021-02-01,Pfizer/BioNTech,94755
Lithuania,2021-02-02,Moderna,2693
Lithuania,2021-02-02,Pfizer/BioNTech,98297
Lithuania,2021-02-03,Moderna,3320
Lithuania,2021-02-03,Pfizer/BioNTech,104459
Lithuania,2021-02-04,Moderna,3884
Lithuania,2021-02-04,Oxford/AstraZeneca,1
Lithuania,2021-02-04,Pfizer/BioNTech,113729
Lithuania,2021-02-05,Moderna,4029
Lithuania,2021-02-05,Pfizer/BioNTech,120833
Lithuania,2021-02-06,Pfizer/BioNTech,121559
Lithuania,2021-02-07,Pfizer/BioNTech,121656
Lithuania,2021-02-08,Moderna,4117
Lithuania,2021-02-08,Pfizer/BioNTech,124219
Lithuania,2021-02-09,Moderna,4358
Lithuania,2021-02-09,Oxford/AstraZeneca,300
Lithuania,2021-02-09,Pfizer/BioNTech,126526
Lithuania,2021-02-10,Moderna,4668
Lithuania,2021-02-10,Oxford/AstraZeneca,3023
Lithuania,2021-02-10,Pfizer/BioNTech,129642
Lithuania,2021-02-11,Moderna,5100
Lithuania,2021-02-11,Oxford/AstraZeneca,5515
Lithuania,2021-02-11,Pfizer/BioNTech,135761
Lithuania,2021-02-12,Moderna,5716
Lithuania,2021-02-12,Oxford/AstraZeneca,7448
Lithuania,2021-02-12,Pfizer/BioNTech,140490
Lithuania,2021-02-13,Moderna,5721
Lithuania,2021-02-13,Oxford/AstraZeneca,7757
Lithuania,2021-02-13,Pfizer/BioNTech,140622
Lithuania,2021-02-15,Moderna,6970
Lithuania,2021-02-15,Oxford/AstraZeneca,9602
Lithuania,2021-02-15,Pfizer/BioNTech,142170
Lithuania,2021-02-16,Pfizer/BioNTech,142701
Lithuania,2021-02-17,Moderna,8323
Lithuania,2021-02-17,Oxford/AstraZeneca,10574
Lithuania,2021-02-17,Pfizer/BioNTech,148620
Lithuania,2021-02-18,Moderna,8858
Lithuania,2021-02-18,Oxford/AstraZeneca,12048
Lithuania,2021-02-18,Pfizer/BioNTech,157930
Lithuania,2021-02-19,Moderna,9335
Lithuania,2021-02-19,Oxford/AstraZeneca,14804
Lithuania,2021-02-19,Pfizer/BioNTech,165142
Lithuania,2021-02-20,Oxford/AstraZeneca,15109
Lithuania,2021-02-20,Pfizer/BioNTech,165846
Lithuania,2021-02-22,Moderna,9504
Lithuania,2021-02-22,Oxford/AstraZeneca,17177
Lithuania,2021-02-22,Pfizer/BioNTech,169081
Lithuania,2021-02-23,Moderna,9917
Lithuania,2021-02-23,Oxford/AstraZeneca,19173
Lithuania,2021-02-23,Pfizer/BioNTech,175297
Lithuania,2021-02-24,Moderna,10050
Lithuania,2021-02-24,Oxford/AstraZeneca,21877
Lithuania,2021-02-24,Pfizer/BioNTech,184126
Lithuania,2021-02-25,Moderna,10761
Lithuania,2021-02-25,Oxford/AstraZeneca,25948
Lithuania,2021-02-25,Pfizer/BioNTech,191161
Lithuania,2021-02-26,Moderna,12264
Lithuania,2021-02-26,Oxford/AstraZeneca,30206
Lithuania,2021-02-26,Pfizer/BioNTech,195373
Lithuania,2021-02-27,Oxford/AstraZeneca,30763
Lithuania,2021-02-27,Pfizer/BioNTech,195515
Lithuania,2021-02-28,Oxford/AstraZeneca,31122
Lithuania,2021-02-28,Pfizer/BioNTech,195566
Lithuania,2021-03-01,Moderna,15724
Lithuania,2021-03-01,Oxford/AstraZeneca,33919
Lithuania,2021-03-01,Pfizer/BioNTech,196839
Lithuania,2021-03-02,Moderna,17608
Lithuania,2021-03-02,Oxford/AstraZeneca,35587
Lithuania,2021-03-02,Pfizer/BioNTech,202615
Lithuania,2021-03-03,Moderna,19405
Lithuania,2021-03-03,Oxford/AstraZeneca,38715
Lithuania,2021-03-03,Pfizer/BioNTech,209593
Lithuania,2021-03-04,Moderna,20470
Lithuania,2021-03-04,Oxford/AstraZeneca,42167
Lithuania,2021-03-04,Pfizer/BioNTech,220428
Lithuania,2021-03-05,Moderna,21050
Lithuania,2021-03-05,Oxford/AstraZeneca,46431
Lithuania,2021-03-05,Pfizer/BioNTech,229516
Lithuania,2021-03-06,Moderna,21138
Lithuania,2021-03-06,Oxford/AstraZeneca,46694
Lithuania,2021-03-06,Pfizer/BioNTech,229790
Lithuania,2021-03-07,Pfizer/BioNTech,229791
Lithuania,2021-03-08,Moderna,21620
Lithuania,2021-03-08,Oxford/AstraZeneca,53376
Lithuania,2021-03-08,Pfizer/BioNTech,231519
Lithuania,2021-03-09,Moderna,22585
Lithuania,2021-03-09,Oxford/AstraZeneca,56131
Lithuania,2021-03-09,Pfizer/BioNTech,239658
Lithuania,2021-03-10,Moderna,22778
Lithuania,2021-03-10,Oxford/AstraZeneca,62142
Lithuania,2021-03-10,Pfizer/BioNTech,249052
Lithuania,2021-03-11,Oxford/AstraZeneca,62498
Lithuania,2021-03-11,Pfizer/BioNTech,249832
Lithuania,2021-03-12,Moderna,23032
Lithuania,2021-03-12,Oxford/AstraZeneca,68694
Lithuania,2021-03-12,Pfizer/BioNTech,261280
Lithuania,2021-03-13,Oxford/AstraZeneca,68982
Lithuania,2021-03-13,Pfizer/BioNTech,262737
Lithuania,2021-03-14,Oxford/AstraZeneca,68990
Lithuania,2021-03-14,Pfizer/BioNTech,262753
Lithuania,2021-03-15,Moderna,23132
Lithuania,2021-03-15,Oxford/AstraZeneca,74747
Lithuania,2021-03-15,Pfizer/BioNTech,264868
Lithuania,2021-03-16,Moderna,23334
Lithuania,2021-03-16,Oxford/AstraZeneca,78075
Lithuania,2021-03-16,Pfizer/BioNTech,271533
Lithuania,2021-03-17,Moderna,23440
Lithuania,2021-03-17,Oxford/AstraZeneca,78171
Lithuania,2021-03-17,Pfizer/BioNTech,281856
Lithuania,2021-03-18,Moderna,23571
Lithuania,2021-03-18,Oxford/AstraZeneca,78198
Lithuania,2021-03-18,Pfizer/BioNTech,290077
Lithuania,2021-03-19,Moderna,25780
Lithuania,2021-03-19,Oxford/AstraZeneca,78723
Lithuania,2021-03-19,Pfizer/BioNTech,296587
Lithuania,2021-03-20,Moderna,26314
Lithuania,2021-03-20,Pfizer/BioNTech,296787
Lithuania,2021-03-21,Moderna,26316
Lithuania,2021-03-21,Pfizer/BioNTech,296817
Lithuania,2021-03-22,Moderna,31113
Lithuania,2021-03-22,Oxford/AstraZeneca,81013
Lithuania,2021-03-22,Pfizer/BioNTech,297933
Lithuania,2021-03-23,Moderna,32670
Lithuania,2021-03-23,Oxford/AstraZeneca,83777
Lithuania,2021-03-23,Pfizer/BioNTech,306454
Lithuania,2021-03-24,Moderna,33784
Lithuania,2021-03-24,Oxford/AstraZeneca,88364
Lithuania,2021-03-24,Pfizer/BioNTech,318341
Lithuania,2021-03-25,Moderna,34789
Lithuania,2021-03-25,Oxford/AstraZeneca,92802
Lithuania,2021-03-25,Pfizer/BioNTech,329794
Lithuania,2021-03-26,Moderna,36413
Lithuania,2021-03-26,Oxford/AstraZeneca,98351
Lithuania,2021-03-26,Pfizer/BioNTech,339007
Lithuania,2021-03-27,Moderna,36489
Lithuania,2021-03-27,Oxford/AstraZeneca,101170
Lithuania,2021-03-27,Pfizer/BioNTech,339257
Lithuania,2021-03-28,Oxford/AstraZeneca,101270
Lithuania,2021-03-28,Pfizer/BioNTech,339341
Lithuania,2021-03-29,Moderna,37911
Lithuania,2021-03-29,Oxford/AstraZeneca,106722
Lithuania,2021-03-29,Pfizer/BioNTech,340328
Lithuania,2021-03-30,Moderna,38093
Lithuania,2021-03-30,Oxford/AstraZeneca,109201
Lithuania,2021-03-30,Pfizer/BioNTech,350424
Lithuania,2021-03-31,Moderna,39527
Lithuania,2021-03-31,Oxford/AstraZeneca,111253
Lithuania,2021-03-31,Pfizer/BioNTech,367594
Lithuania,2021-04-01,Moderna,46726
Lithuania,2021-04-01,Oxford/AstraZeneca,114091
Lithuania,2021-04-01,Pfizer/BioNTech,375693
Lithuania,2021-04-02,Moderna,53208
Lithuania,2021-04-02,Oxford/AstraZeneca,119742
Lithuania,2021-04-02,Pfizer/BioNTech,383196
Lithuania,2021-04-03,Moderna,53401
Lithuania,2021-04-03,Oxford/AstraZeneca,127447
Lithuania,2021-04-03,Pfizer/BioNTech,383956
Lithuania,2021-04-04,Oxford/AstraZeneca,129850
Lithuania,2021-04-04,Pfizer/BioNTech,383962
Lithuania,2021-04-05,Moderna,53411
Lithuania,2021-04-05,Oxford/AstraZeneca,133360
Lithuania,2021-04-05,Pfizer/BioNTech,384155
Lithuania,2021-04-06,Moderna,56075
Lithuania,2021-04-06,Oxford/AstraZeneca,143923
Lithuania,2021-04-06,Pfizer/BioNTech,385589
Lithuania,2021-04-07,Moderna,57326
Lithuania,2021-04-07,Oxford/AstraZeneca,153801
Lithuania,2021-04-07,Pfizer/BioNTech,387130
Lithuania,2021-04-08,Moderna,58708
Lithuania,2021-04-08,Oxford/AstraZeneca,156503
Lithuania,2021-04-08,Pfizer/BioNTech,409808
Lithuania,2021-04-09,Moderna,59137
Lithuania,2021-04-09,Oxford/AstraZeneca,161729
Lithuania,2021-04-09,Pfizer/BioNTech,437380
Lithuania,2021-04-10,Moderna,59213
Lithuania,2021-04-10,Oxford/AstraZeneca,165904
Lithuania,2021-04-10,Pfizer/BioNTech,448623
Lithuania,2021-04-11,Moderna,59267
Lithuania,2021-04-11,Oxford/AstraZeneca,166506
Lithuania,2021-04-11,Pfizer/BioNTech,449666
Lithuania,2021-04-12,Moderna,59561
Lithuania,2021-04-12,Oxford/AstraZeneca,170478
Lithuania,2021-04-12,Pfizer/BioNTech,454120
Lithuania,2021-04-13,Moderna,59956
Lithuania,2021-04-13,Oxford/AstraZeneca,172986
Lithuania,2021-04-13,Pfizer/BioNTech,469726
Lithuania,2021-04-14,Moderna,60168
Lithuania,2021-04-14,Oxford/AstraZeneca,173928
Lithuania,2021-04-14,Pfizer/BioNTech,493886
Romania,2020-12-27,Moderna,0
Romania,2020-12-27,Oxford/AstraZeneca,0
Romania,2020-12-27,Pfizer/BioNTech,965
Romania,2020-12-28,Moderna,0
Romania,2020-12-28,Oxford/AstraZeneca,0
Romania,2020-12-28,Pfizer/BioNTech,2066
Romania,2020-12-29,Moderna,0
Romania,2020-12-29,Oxford/AstraZeneca,0
Romania,2020-12-29,Pfizer/BioNTech,2778
Romania,2020-12-30,Moderna,0
Romania,2020-12-30,Oxford/AstraZeneca,0
Romania,2020-12-30,Pfizer/BioNTech,5666
Romania,2020-12-31,Moderna,0
Romania,2020-12-31,Oxford/AstraZeneca,0
Romania,2020-12-31,Pfizer/BioNTech,10289
Romania,2021-01-01,Moderna,0
Romania,2021-01-01,Oxford/AstraZeneca,0
Romania,2021-01-01,Pfizer/BioNTech,11656
Romania,2021-01-02,Moderna,0
Romania,2021-01-02,Oxford/AstraZeneca,0
Romania,2021-01-02,Pfizer/BioNTech,13242
Romania,2021-01-03,Moderna,0
Romania,2021-01-03,Oxford/AstraZeneca,0
Romania,2021-01-03,Pfizer/BioNTech,13596
Romania,2021-01-04,Moderna,0
Romania,2021-01-04,Oxford/AstraZeneca,0
Romania,2021-01-04,Pfizer/BioNTech,25508
Romania,2021-01-05,Moderna,0
Romania,2021-01-05,Oxford/AstraZeneca,0
Romania,2021-01-05,Pfizer/BioNTech,41609
Romania,2021-01-06,Moderna,0
Romania,2021-01-06,Oxford/AstraZeneca,0
Romania,2021-01-06,Pfizer/BioNTech,58554
Romania,2021-01-07,Moderna,0
Romania,2021-01-07,Oxford/AstraZeneca,0
Romania,2021-01-07,Pfizer/BioNTech,76400
Romania,2021-01-08,Moderna,0
Romania,2021-01-08,Oxford/AstraZeneca,0
Romania,2021-01-08,Pfizer/BioNTech,92706
Romania,2021-01-09,Moderna,0
Romania,2021-01-09,Oxford/AstraZeneca,0
Romania,2021-01-09,Pfizer/BioNTech,102301
Romania,2021-01-10,Moderna,0
Romania,2021-01-10,Oxford/AstraZeneca,0
Romania,2021-01-10,Pfizer/BioNTech,108294
Romania,2021-01-11,Moderna,0
Romania,2021-01-11,Oxford/AstraZeneca,0
Romania,2021-01-11,Pfizer/BioNTech,125190
Romania,2021-01-12,Moderna,0
Romania,2021-01-12,Oxford/AstraZeneca,0
Romania,2021-01-12,Pfizer/BioNTech,140447
Romania,2021-01-13,Moderna,0
Romania,2021-01-13,Oxford/AstraZeneca,0
Romania,2021-01-13,Pfizer/BioNTech,154268
Romania,2021-01-14,Moderna,0
Romania,2021-01-14,Oxford/AstraZeneca,0
Romania,2021-01-14,Pfizer/BioNTech,168089
Romania,2021-01-15,Moderna,0
Romania,2021-01-15,Oxford/AstraZeneca,0
Romania,2021-01-15,Pfizer/BioNTech,184146
Romania,2021-01-16,Moderna,0
Romania,2021-01-16,Oxford/AstraZeneca,0
Romania,2021-01-16,Pfizer/BioNTech,196567
Romania,2021-01-17,Moderna,0
Romania,2021-01-17,Oxford/AstraZeneca,0
Romania,2021-01-17,Pfizer/BioNTech,204662
Romania,2021-01-18,Moderna,0
Romania,2021-01-18,Oxford/AstraZeneca,0
Romania,2021-01-18,Pfizer/BioNTech,234899
Romania,2021-01-19,Moderna,0
Romania,2021-01-19,Oxford/AstraZeneca,0
Romania,2021-01-19,Pfizer/BioNTech,269706
Romania,2021-01-20,Moderna,0
Romania,2021-01-20,Oxford/AstraZeneca,0
Romania,2021-01-20,Pfizer/BioNTech,308044
Romania,2021-01-21,Moderna,0
Romania,2021-01-21,Oxford/AstraZeneca,0
Romania,2021-01-21,Pfizer/BioNTech,347756
Romania,2021-01-22,Moderna,0
Romania,2021-01-22,Oxford/AstraZeneca,0
Romania,2021-01-22,Pfizer/BioNTech,385596
Romania,2021-01-23,Moderna,0
Romania,2021-01-23,Oxford/AstraZeneca,0
Romania,2021-01-23,Pfizer/BioNTech,418545
Romania,2021-01-24,Moderna,0
Romania,2021-01-24,Oxford/AstraZeneca,0
Romania,2021-01-24,Pfizer/BioNTech,445945
Romania,2021-01-25,Moderna,0
Romania,2021-01-25,Oxford/AstraZeneca,0
Romania,2021-01-25,Pfizer/BioNTech,484291
Romania,2021-01-26,Moderna,0
Romania,2021-01-26,Oxford/AstraZeneca,0
Romania,2021-01-26,Pfizer/BioNTech,528038
Romania,2021-01-27,Moderna,0
Romania,2021-01-27,Oxford/AstraZeneca,0
Romania,2021-01-27,Pfizer/BioNTech,570364
Romania,2021-01-28,Moderna,0
Romania,2021-01-28,Oxford/AstraZeneca,0
Romania,2021-01-28,Pfizer/BioNTech,609056
Romania,2021-01-29,Moderna,0
Romania,2021-01-29,Oxford/AstraZeneca,0
Romania,2021-01-29,Pfizer/BioNTech,646660
Romania,2021-01-30,Moderna,0
Romania,2021-01-30,Oxford/AstraZeneca,0
Romania,2021-01-30,Pfizer/BioNTech,672056
Romania,2021-01-31,Moderna,0
Romania,2021-01-31,Oxford/AstraZeneca,0
Romania,2021-01-31,Pfizer/BioNTech,691075
Romania,2021-02-01,Moderna,0
Romania,2021-02-01,Oxford/AstraZeneca,0
Romania,2021-02-01,Pfizer/BioNTech,720844
Romania,2021-02-02,Moderna,0
Romania,2021-02-02,Oxford/AstraZeneca,0
Romania,2021-02-02,Pfizer/BioNTech,748392
Romania,2021-02-03,Moderna,0
Romania,2021-02-03,Oxford/AstraZeneca,0
Romania,2021-02-03,Pfizer/BioNTech,771862
Romania,2021-02-04,Moderna,6443
Romania,2021-02-04,Oxford/AstraZeneca,0
Romania,2021-02-04,Pfizer/BioNTech,788012
Romania,2021-02-05,Moderna,14944
Romania,2021-02-05,Oxford/AstraZeneca,0
Romania,2021-02-05,Pfizer/BioNTech,806268
Romania,2021-02-06,Moderna,23087
Romania,2021-02-06,Oxford/AstraZeneca,0
Romania,2021-02-06,Pfizer/BioNTech,817385
Romania,2021-02-07,Moderna,31026
Romania,2021-02-07,Oxford/AstraZeneca,0
Romania,2021-02-07,Pfizer/BioNTech,824956
Romania,2021-02-08,Moderna,35454
Romania,2021-02-08,Oxford/AstraZeneca,0
Romania,2021-02-08,Pfizer/BioNTech,855554
Romania,2021-02-09,Moderna,40399
Romania,2021-02-09,Oxford/AstraZeneca,0
Romania,2021-02-09,Pfizer/BioNTech,889416
Romania,2021-02-10,Moderna,44448
Romania,2021-02-10,Oxford/AstraZeneca,0
Romania,2021-02-10,Pfizer/BioNTech,926179
Romania,2021-02-11,Moderna,47769
Romania,2021-02-11,Oxford/AstraZeneca,0
Romania,2021-02-11,Pfizer/BioNTech,961312
Romania,2021-02-12,Moderna,51388
Romania,2021-02-12,Oxford/AstraZeneca,0
Romania,2021-02-12,Pfizer/BioNTech,997068
Romania,2021-02-13,Moderna,54855
Romania,2021-02-13,Oxford/AstraZeneca,0
Romania,2021-02-13,Pfizer/BioNTech,1028900
Romania,2021-02-14,Moderna,57881
Romania,2021-02-14,Oxford/AstraZeneca,0
Romania,2021-02-14,Pfizer/BioNTech,1055753
Romania,2021-02-15,Moderna,60916
Romania,2021-02-15,Oxford/AstraZeneca,6812
Romania,2021-02-15,Pfizer/BioNTech,1083043
Romania,2021-02-16,Moderna,63951
Romania,2021-02-16,Oxford/AstraZeneca,13624
Romania,2021-02-16,Pfizer/BioNTech,1111098
Romania,2021-02-17,Moderna,69323
Romania,2021-02-17,Oxford/AstraZeneca,22956
Romania,2021-02-17,Pfizer/BioNTech,1139713
Romania,2021-02-18,Moderna,71707
Romania,2021-02-18,Oxford/AstraZeneca,31858
Romania,2021-02-18,Pfizer/BioNTech,1168247
Romania,2021-02-19,Moderna,72378
Romania,2021-02-19,Oxford/AstraZeneca,41296
Romania,2021-02-19,Pfizer/BioNTech,1196266
Romania,2021-02-20,Moderna,72676
Romania,2021-02-20,Oxford/AstraZeneca,50440
Romania,2021-02-20,Pfizer/BioNTech,1219748
Romania,2021-02-21,Moderna,72791
Romania,2021-02-21,Oxford/AstraZeneca,58747
Romania,2021-02-21,Pfizer/BioNTech,1239270
Romania,2021-02-22,Moderna,72935
Romania,2021-02-22,Oxford/AstraZeneca,68534
Romania,2021-02-22,Pfizer/BioNTech,1259204
Romania,2021-02-23,Moderna,73010
Romania,2021-02-23,Oxford/AstraZeneca,78141
Romania,2021-02-23,Pfizer/BioNTech,1278866
Romania,2021-02-24,Moderna,73017
Romania,2021-02-24,Oxford/AstraZeneca,87871
Romania,2021-02-24,Pfizer/BioNTech,1297346
Romania,2021-02-25,Moderna,73020
Romania,2021-02-25,Oxford/AstraZeneca,98055
Romania,2021-02-25,Pfizer/BioNTech,1307417
Romania,2021-02-26,Moderna,73020
Romania,2021-02-26,Oxford/AstraZeneca,109339
Romania,2021-02-26,Pfizer/BioNTech,1315258
Romania,2021-02-27,Moderna,73020
Romania,2021-02-27,Oxford/AstraZeneca,119310
Romania,2021-02-27,Pfizer/BioNTech,1320991
Romania,2021-02-28,Moderna,73020
Romania,2021-02-28,Oxford/AstraZeneca,127371
Romania,2021-02-28,Pfizer/BioNTech,1324066
Romania,2021-03-01,Moderna,73020
Romania,2021-03-01,Oxford/AstraZeneca,136586
Romania,2021-03-01,Pfizer/BioNTech,1347000
Romania,2021-03-02,Moderna,73020
Romania,2021-03-02,Oxford/AstraZeneca,146051
Romania,2021-03-02,Pfizer/BioNTech,1375693
Romania,2021-03-03,Moderna,73020
Romania,2021-03-03,Oxford/AstraZeneca,154730
Romania,2021-03-03,Pfizer/BioNTech,1405699
Romania,2021-03-04,Moderna,79862
Romania,2021-03-04,Oxford/AstraZeneca,162337
Romania,2021-03-04,Pfizer/BioNTech,1434988
Romania,2021-03-05,Moderna,88224
Romania,2021-03-05,Oxford/AstraZeneca,170102
Romania,2021-03-05,Pfizer/BioNTech,1466214
Romania,2021-03-06,Moderna,96530
Romania,2021-03-06,Oxford/AstraZeneca,177516
Romania,2021-03-06,Pfizer/BioNTech,1499132
Romania,2021-03-07,Moderna,104227
Romania,2021-03-07,Oxford/AstraZeneca,184012
Romania,2021-03-07,Pfizer/BioNTech,1530123
Romania,2021-03-08,Moderna,108871
Romania,2021-03-08,Oxford/AstraZeneca,190326
Romania,2021-03-08,Pfizer/BioNTech,1562623
Romania,2021-03-09,Moderna,113813
Romania,2021-03-09,Oxford/AstraZeneca,197660
Romania,2021-03-09,Pfizer/BioNTech,1598547
Romania,2021-03-10,Moderna,117819
Romania,2021-03-10,Oxford/AstraZeneca,204910
Romania,2021-03-10,Pfizer/BioNTech,1638693
Romania,2021-03-11,Moderna,121218
Romania,2021-03-11,Oxford/AstraZeneca,211212
Romania,2021-03-11,Pfizer/BioNTech,1678903
Romania,2021-03-12,Moderna,124766
Romania,2021-03-12,Oxford/AstraZeneca,217059
Romania,2021-03-12,Pfizer/BioNTech,1718894
Romania,2021-03-13,Moderna,128144
Romania,2021-03-13,Oxford/AstraZeneca,222922
Romania,2021-03-13,Pfizer/BioNTech,1758375
Romania,2021-03-14,Moderna,131137
Romania,2021-03-14,Oxford/AstraZeneca,228280
Romania,2021-03-14,Pfizer/BioNTech,1792723
Romania,2021-03-15,Moderna,137600
Romania,2021-03-15,Oxford/AstraZeneca,235679
Romania,2021-03-15,Pfizer/BioNTech,1828437
Romania,2021-03-16,Moderna,149732
Romania,2021-03-16,Oxford/AstraZeneca,242742
Romania,2021-03-16,Pfizer/BioNTech,1869226
Romania,2021-03-17,Moderna,158781
Romania,2021-03-17,Oxford/AstraZeneca,249300
Romania,2021-03-17,Pfizer/BioNTech,1907900
Romania,2021-03-18,Moderna,165150
Romania,2021-03-18,Oxford/AstraZeneca,256243
Romania,2021-03-18,Pfizer/BioNTech,1946513
Romania,2021-03-19,Moderna,169966
Romania,2021-03-19,Oxford/AstraZeneca,263394
Romania,2021-03-19,Pfizer/BioNTech,1984407
Romania,2021-03-20,Moderna,174732
Romania,2021-03-20,Oxford/AstraZeneca,271485
Romania,2021-03-20,Pfizer/BioNTech,2022454
Romania,2021-03-21,Moderna,179154
Romania,2021-03-21,Oxford/AstraZeneca,279325
Romania,2021-03-21,Pfizer/BioNTech,2054609
Romania,2021-03-22,Moderna,183177
Romania,2021-03-22,Oxford/AstraZeneca,286648
Romania,2021-03-22,Pfizer/BioNTech,2090459
Romania,2021-03-23,Moderna,187546
Romania,2021-03-23,Oxford/AstraZeneca,294985
Romania,2021-03-23,Pfizer/BioNTech,2135815
Romania,2021-03-24,Moderna,191868
Romania,2021-03-24,Oxford/AstraZeneca,302969
Romania,2021-03-24,Pfizer/BioNTech,2182617
Romania,2021-03-25,Moderna,196122
Romania,2021-03-25,Oxford/AstraZeneca,310485
Romania,2021-03-25,Pfizer/BioNTech,2229733
Romania,2021-03-26,Moderna,200231
Romania,2021-03-26,Oxford/AstraZeneca,318056
Romania,2021-03-26,Pfizer/BioNTech,2273184
Romania,2021-03-27,Moderna,204969
Romania,2021-03-27,Oxford/AstraZeneca,326640
Romania,2021-03-27,Pfizer/BioNTech,2318409
Romania,2021-03-28,Moderna,209212
Romania,2021-03-28,Oxford/AstraZeneca,334912
Romania,2021-03-28,Pfizer/BioNTech,2360607
Romania,2021-03-29,Moderna,213039
Romania,2021-03-29,Oxford/AstraZeneca,342263
Romania,2021-03-29,Pfizer/BioNTech,2401887
Romania,2021-03-30,Moderna,217516
Romania,2021-03-30,Oxford/AstraZeneca,349827
Romania,2021-03-30,Pfizer/BioNTech,2454264
Romania,2021-03-31,Moderna,221682
Romania,2021-03-31,Oxford/AstraZeneca,356402
Romania,2021-03-31,Pfizer/BioNTech,2501784
Romania,2021-04-01,Moderna,226033
Romania,2021-04-01,Oxford/AstraZeneca,362660
Romania,2021-04-01,Pfizer/BioNTech,2548790
Romania,2021-04-02,Moderna,230533
Romania,2021-04-02,Oxford/AstraZeneca,368974
Romania,2021-04-02,Pfizer/BioNTech,2595945
Romania,2021-04-03,Moderna,235329
Romania,2021-04-03,Oxford/AstraZeneca,374819
Romania,2021-04-03,Pfizer/BioNTech,2640729
Romania,2021-04-04,Moderna,239724
Romania,2021-04-04,Oxford/AstraZeneca,379020
Romania,2021-04-04,Pfizer/BioNTech,2680468
Romania,2021-04-05,Moderna,243667
Romania,2021-04-05,Oxford/AstraZeneca,382996
Romania,2021-04-05,Pfizer/BioNTech,2723919
Romania,2021-04-06,Moderna,248385
Romania,2021-04-06,Oxford/AstraZeneca,386430
Romania,2021-04-06,Pfizer/BioNTech,2770716
Romania,2021-04-07,Moderna,253339
Romania,2021-04-07,Oxford/AstraZeneca,389001
Romania,2021-04-07,Pfizer/BioNTech,2818530
Romania,2021-04-08,Moderna,258603
Romania,2021-04-08,Oxford/AstraZeneca,391469
Romania,2021-04-08,Pfizer/BioNTech,2867621
Romania,2021-04-09,Moderna,263626
Romania,2021-04-09,Oxford/AstraZeneca,393982
Romania,2021-04-09,Pfizer/BioNTech,2914374
Romania,2021-04-10,Moderna,271279
Romania,2021-04-10,Oxford/AstraZeneca,397094
Romania,2021-04-10,Pfizer/BioNTech,2965548
Romania,2021-04-11,Moderna,278832
Romania,2021-04-11,Oxford/AstraZeneca,399252
Romania,2021-04-11,Pfizer/BioNTech,3012825
Romania,2021-04-12,Moderna,287423
Romania,2021-04-12,Oxford/AstraZeneca,407271
Romania,2021-04-12,Pfizer/BioNTech,3059096
Romania,2021-04-13,Moderna,296167
Romania,2021-04-13,Oxford/AstraZeneca,417067
Romania,2021-04-13,Pfizer/BioNTech,3117146
Romania,2021-04-14,Moderna,305182
Romania,2021-04-14,Oxford/AstraZeneca,426913
Romania,2021-04-14,Pfizer/BioNTech,3178405
United States,2021-01-12,Moderna,3835859
United States,2021-01-12,Pfizer/BioNTech,5488697
United States,2021-01-13,Moderna,4249795
United States,2021-01-13,Pfizer/BioNTech,6025872
United States,2021-01-15,Moderna,5122662
United States,2021-01-15,Pfizer/BioNTech,7153268
United States,2021-01-19,Moderna,6828561
United States,2021-01-19,Pfizer/BioNTech,8874811
United States,2021-01-20,Moderna,7239750
United States,2021-01-20,Pfizer/BioNTech,9281063
United States,2021-01-21,Moderna,7724683
United States,2021-01-21,Pfizer/BioNTech,9817027
United States,2021-01-22,Moderna,8407909
United States,2021-01-22,Pfizer/BioNTech,10695066
United States,2021-01-23,Moderna,9061112
United States,2021-01-23,Pfizer/BioNTech,11471457
United States,2021-01-24,Moderna,9689497
United States,2021-01-24,Pfizer/BioNTech,12153536
United States,2021-01-25,Moderna,10084432
United States,2021-01-25,Pfizer/BioNTech,12551999
United States,2021-01-26,Moderna,10431466
United States,2021-01-26,Pfizer/BioNTech,13009981
United States,2021-01-27,Moderna,11001991
United States,2021-01-27,Pfizer/BioNTech,13550835
United States,2021-01-28,Moderna,11737592
United States,2021-01-28,Pfizer/BioNTech,14355980
United States,2021-01-29,Moderna,12619210
United States,2021-01-29,Pfizer/BioNTech,15164858
United States,2021-01-30,Moderna,13499942
United States,2021-01-30,Pfizer/BioNTech,15977015
United States,2021-01-31,Moderna,14246089
United States,2021-01-31,Pfizer/BioNTech,16775916
United States,2021-02-01,Moderna,14756609
United States,2021-02-01,Pfizer/BioNTech,17364398
United States,2021-02-02,Moderna,15006565
United States,2021-02-02,Pfizer/BioNTech,17672866
United States,2021-02-03,Moderna,15567188
United States,2021-02-03,Pfizer/BioNTech,18209204
United States,2021-02-04,Moderna,16260102
United States,2021-02-04,Pfizer/BioNTech,18841309
United States,2021-02-05,Moderna,17133644
United States,2021-02-05,Pfizer/BioNTech,19582865
United States,2021-02-06,Moderna,18336515
United States,2021-02-06,Pfizer/BioNTech,20598212
United States,2021-02-07,Moderna,19485089
United States,2021-02-07,Pfizer/BioNTech,21622193
United States,2021-02-08,Moderna,20066305
United States,2021-02-08,Pfizer/BioNTech,22247484
United States,2021-02-09,Moderna,20416765
United States,2021-02-09,Pfizer/BioNTech,22685406
United States,2021-02-10,Moderna,21189540
United States,2021-02-10,Pfizer/BioNTech,23475749
United States,2021-02-11,Moderna,22038088
United States,2021-02-11,Pfizer/BioNTech,24246868
United States,2021-02-12,Moderna,23111715
United States,2021-02-12,Pfizer/BioNTech,25192628
United States,2021-02-13,Moderna,24297615
United States,2021-02-13,Pfizer/BioNTech,26237417
United States,2021-02-14,Moderna,25505313
United States,2021-02-14,Pfizer/BioNTech,27271797
United States,2021-02-16,Moderna,26738383
United States,2021-02-16,Pfizer/BioNTech,28374410
United States,2021-02-17,Moderna,27287041
United States,2021-02-17,Pfizer/BioNTech,28886690
United States,2021-02-18,Moderna,28043413
United States,2021-02-18,Pfizer/BioNTech,29585627
United States,2021-02-19,Moderna,29044336
United States,2021-02-19,Pfizer/BioNTech,30431247
United States,2021-02-20,Moderna,29909492
United States,2021-02-20,Pfizer/BioNTech,31270062
United States,2021-02-21,Moderna,30747615
United States,2021-02-21,Pfizer/BioNTech,32232422
United States,2021-02-22,Moderna,31212925
United States,2021-02-22,Pfizer/BioNTech,32853883
United States,2021-02-23,Moderna,31569021
United States,2021-02-23,Pfizer/BioNTech,33352170
United States,2021-02-24,Moderna,32194245
United States,2021-02-24,Pfizer/BioNTech,34159027
United States,2021-02-25,Moderna,33066503
United States,2021-02-25,Pfizer/BioNTech,35095003
United States,2021-02-26,Moderna,34181226
United States,2021-02-26,Pfizer/BioNTech,36159403
United States,2021-02-27,Moderna,35422721
United States,2021-02-27,Pfizer/BioNTech,37269195
United States,2021-02-28,Moderna,36694414
United States,2021-02-28,Pfizer/BioNTech,38426567
United States,2021-03-01,Moderna,37522293
United States,2021-03-01,Pfizer/BioNTech,39262524
United States,2021-03-02,Moderna,38319678
United States,2021-03-02,Pfizer/BioNTech,40196532
United States,2021-03-03,Moderna,39248180
United States,2021-03-03,Pfizer/BioNTech,41175807
United States,2021-03-04,Moderna,40261524
United States,2021-03-04,Pfizer/BioNTech,42193285
United States,2021-03-05,Moderna,41507728
United States,2021-03-05,Pfizer/BioNTech,43373717
United States,2021-03-06,Moderna,42977312
United States,2021-03-06,Pfizer/BioNTech,44774584
United States,2021-03-07,Moderna,44195607
United States,2021-03-07,Pfizer/BioNTech,45932122
United States,2021-03-08,Johnson&Johnson,208590
United States,2021-03-08,Moderna,44936695
United States,2021-03-08,Pfizer/BioNTech,46824290
United States,2021-03-09,Johnson&Johnson,308181
United States,2021-03-09,Moderna,45635740
United States,2021-03-09,Pfizer/BioNTech,47628226
United States,2021-03-10,Johnson&Johnson,458911
United States,2021-03-10,Moderna,46535646
United States,2021-03-10,Pfizer/BioNTech,48605159
United States,2021-03-11,Johnson&Johnson,638469
United States,2021-03-11,Moderna,47733656
United States,2021-03-11,Pfizer/BioNTech,49708920
United States,2021-03-12,Johnson&Johnson,873726
United States,2021-03-12,Moderna,49169578
United States,2021-03-12,Pfizer/BioNTech,50960400
United States,2021-03-13,Johnson&Johnson,1189207
United States,2021-03-13,Moderna,51292130
United States,2021-03-13,Pfizer/BioNTech,53096054
United States,2021-03-14,Johnson&Johnson,1273958
United States,2021-03-14,Moderna,51951820
United States,2021-03-14,Pfizer/BioNTech,53708091
United States,2021-03-15,Johnson&Johnson,1428465
United States,2021-03-15,Moderna,52883263
United States,2021-03-15,Pfizer/BioNTech,54643581
United States,2021-03-16,Johnson&Johnson,1569675
United States,2021-03-16,Moderna,53647312
United States,2021-03-16,Pfizer/BioNTech,55393141
United States,2021-03-17,Johnson&Johnson,1766131
United States,2021-03-17,Moderna,54643195
United States,2021-03-17,Pfizer/BioNTech,56499018
United States,2021-03-18,Johnson&Johnson,1911052
United States,2021-03-18,Moderna,55811286
United States,2021-03-18,Pfizer/BioNTech,57876875
United States,2021-03-19,Johnson&Johnson,2025349
United States,2021-03-19,Moderna,56941640
United States,2021-03-19,Pfizer/BioNTech,59214724
United States,2021-03-20,Johnson&Johnson,2163681
United States,2021-03-20,Moderna,58294583
United States,2021-03-20,Pfizer/BioNTech,60849627
United States,2021-03-21,Johnson&Johnson,2298614
United States,2021-03-21,Moderna,59518840
United States,2021-03-21,Pfizer/BioNTech,62529418
United States,2021-03-22,Johnson&Johnson,2406337
United States,2021-03-22,Moderna,60275003
United States,2021-03-22,Pfizer/BioNTech,63693721
United States,2021-03-23,Johnson&Johnson,2489153
United States,2021-03-23,Moderna,60913292
United States,2021-03-23,Pfizer/BioNTech,64679659
United States,2021-03-24,Johnson&Johnson,2622182
United States,2021-03-24,Moderna,61719260
United States,2021-03-24,Pfizer/BioNTech,65995871
United States,2021-03-25,Johnson&Johnson,2734367
United States,2021-03-25,Moderna,62877755
United States,2021-03-25,Pfizer/BioNTech,67555076
United States,2021-03-26,Johnson&Johnson,2863246
United States,2021-03-26,Moderna,64313721
United States,2021-03-26,Pfizer/BioNTech,69368232
United States,2021-03-27,Johnson&Johnson,2982453
United States,2021-03-27,Moderna,65811340
United States,2021-03-27,Pfizer/BioNTech,71246219
United States,2021-03-28,Johnson&Johnson,3090712
United States,2021-03-28,Moderna,67249447
United States,2021-03-28,Pfizer/BioNTech,72981111
United States,2021-03-29,Johnson&Johnson,3155418
United States,2021-03-29,Moderna,68177850
United States,2021-03-29,Pfizer/BioNTech,74338025
United States,2021-03-30,Johnson&Johnson,3215657
United States,2021-03-30,Moderna,68858013
United States,2021-03-30,Pfizer/BioNTech,75386890
United States,2021-03-31,Johnson&Johnson,3307113
United States,2021-03-31,Moderna,69930956
United States,2021-03-31,Pfizer/BioNTech,76891912
United States,2021-04-01,Johnson&Johnson,3429880
United States,2021-04-01,Moderna,71338865
United States,2021-04-01,Pfizer/BioNTech,78717917
United States,2021-04-02,Johnson&Johnson,3617377
United States,2021-04-02,Moderna,72997571
United States,2021-04-02,Pfizer/BioNTech,80845236
United States,2021-04-03,Johnson&Johnson,3840647
United States,2021-04-03,Moderna,74713387
United States,2021-04-03,Pfizer/BioNTech,82986550
United States,2021-04-04,Johnson&Johnson,4054089
United States,2021-04-04,Moderna,76038933
United States,2021-04-04,Pfizer/BioNTech,84810406
United States,2021-04-05,Johnson&Johnson,4204015
United States,2021-04-05,Moderna,76791212
United States,2021-04-05,Pfizer/BioNTech,86041963
United States,2021-04-06,Johnson&Johnson,4299901
United States,2021-04-06,Moderna,77285350
United States,2021-04-06,Pfizer/BioNTech,86855993
United States,2021-04-07,Johnson&Johnson,4544552
United States,2021-04-07,Moderna,78315776
United States,2021-04-07,Pfizer/BioNTech,88463874
United States,2021-04-08,Johnson&Johnson,4917225
United States,2021-04-08,Moderna,79551820
United States,2021-04-08,Pfizer/BioNTech,90256586
United States,2021-04-09,Johnson&Johnson,5382365
United States,2021-04-09,Moderna,80944104
United States,2021-04-09,Pfizer/BioNTech,92355733
United States,2021-04-10,Johnson&Johnson,5972101
United States,2021-04-10,Moderna,82622178
United States,2021-04-10,Pfizer/BioNTech,94715143
United States,2021-04-11,Johnson&Johnson,6453740
United States,2021-04-11,Moderna,83847244
United States,2021-04-11,Pfizer/BioNTech,96586783
United States,2021-04-12,Johnson&Johnson,6859877
United States,2021-04-12,Moderna,84694388
United States,2021-04-12,Pfizer/BioNTech,97978125
United States,2021-04-13,Johnson&Johnson,7233726
United States,2021-04-13,Moderna,85435687
United States,2021-04-13,Pfizer/BioNTech,99453295
United States,2021-04-14,Johnson&Johnson,7517671
United States,2021-04-14,Moderna,86221076
United States,2021-04-14,Pfizer/BioNTech,100891617
United States,2021-04-15,Johnson&Johnson,7736781
United States,2021-04-15,Moderna,87539652
United States,2021-04-15,Pfizer/BioNTech,102877491
